Division,Actividad principal,Estimated_Employees_2024,Estimated_Employees_pct,Median_YoY_Growth_pct,Growth_2020_2024_pct,Total_2024,Total_2023,Total_2022,Total_2021,Total_2020,Size_Micro (0-9)_abs,Size_Small (10-49)_abs,Size_Medium (50-249)_abs,Size_Large (250+)_abs,Size_Micro (0-9)_pct,Size_Small (10-49)_pct,Size_Medium (50-249)_pct,Size_Large (250+)_pct,Estrato_Sin asalariados_abs,Estrato_De 1 a 2_abs,Estrato_De 3 a 5_abs,Estrato_De 6 a 9_abs,Estrato_De 10 a 19_abs,Estrato_De 20 a 49_abs,Estrato_De 50 a 99_abs,Estrato_De 100 a 199_abs,Estrato_De 200 a 249_abs,Estrato_De 250 a 999_abs,Estrato_De 1000 a 4999_abs,Estrato_De 5000 o más asalariados_abs,Estrato_Sin asalariados_pct,Estrato_De 1 a 2_pct,Estrato_De 3 a 5_pct,Estrato_De 6 a 9_pct,Estrato_De 10 a 19_pct,Estrato_De 20 a 49_pct,Estrato_De 50 a 99_pct,Estrato_De 100 a 199_pct,Estrato_De 200 a 249_pct,Estrato_De 250 a 999_pct,Estrato_De 1000 a 4999_pct,Estrato_De 5000 o más asalariados_pct,Condicion_Sociedades anónimas_abs,Condicion_Sociedades de responsabilidad limitada_abs,Condicion_Sociedades anónimas_pct,Condicion_Sociedades de responsabilidad limitada_pct
"62 Programación, consultoría y otras actividades relacionadas con la informática","620 Programación, consultoría y otras actividades relacionadas con la informática",406064.0,3.43,3.6,7.9,19518,18619,19715,18523,18082,16124,2656,573,165,82.61,13.61,2.94,0.85,5167,7091,2362,1504,1643,1013,322,215,36,113,42,10,26.47,36.33,12.1,7.71,8.42,5.19,1.65,1.1,0.18,0.58,0.22,0.05,436,19082,2.23,97.77
81 Servicios a edificios y actividades de jardinería,812 Actividades de limpieza,387652.0,3.27,0.8,-1.6,11556,11104,11938,11768,11742,7698,3102,588,168,66.61,26.84,5.09,1.45,1443,3032,1768,1455,2116,986,357,177,54,123,34,11,12.49,26.24,15.3,12.59,18.31,8.53,3.09,1.53,0.47,1.06,0.29,0.1,228,11328,1.97,98.03
56 Servicios de comidas y bebidas,561 Restaurantes y puestos de comidas,375244.0,3.17,2.3,6.6,37551,35747,36997,35053,35217,31111,5829,541,70,82.85,15.52,1.44,0.19,2286,10597,12571,5657,3651,2178,374,139,28,55,14,1,6.09,28.22,33.48,15.06,9.72,5.8,1.0,0.37,0.07,0.15,0.04,0.0,467,37084,1.24,98.76
41 Construcción de edificios,412 Construcción de edificios,362476.0,3.06,-2.2,-21.6,55349,53759,67497,67280,70630,47657,7162,500,30,86.1,12.94,0.9,0.05,11588,20207,10125,5737,4610,2552,358,120,22,25,4,1,20.94,36.51,18.29,10.37,8.33,4.61,0.65,0.22,0.04,0.05,0.01,0.0,1631,53718,2.95,97.05
"46 Comercio al por mayor e intermediarios del comercio, excepto de vehículos de motor y motocicletas","463 Comercio al por mayor de productos alimenticios, bebidas y tabaco",325970.0,2.75,-0.9,-15.0,24930,24910,28869,28792,29341,21097,3066,643,124,84.62,12.3,2.58,0.5,4975,8359,4240,3523,1746,1320,395,211,37,104,20,0,19.96,33.53,17.01,14.13,7.0,5.29,1.58,0.85,0.15,0.42,0.08,0.0,1501,23429,6.02,93.98
43 Actividades de construcción especializada,"432 Instalaciones eléctricas, de fontanería y otras instalaciones en obras de construcción",303430.0,2.56,0.5,-3.4,33816,32844,35325,34655,35003,28145,5194,425,52,83.23,15.36,1.26,0.15,3416,13812,6912,4005,3326,1868,287,117,21,39,12,1,10.1,40.84,20.44,11.84,9.84,5.52,0.85,0.35,0.06,0.12,0.04,0.0,788,33028,2.33,97.67
49 Transporte terrestre y por tubería,494 Transporte de mercancías por carretera y servicios de mudanza,273002.0,2.31,-1.5,-10.5,25186,25216,27344,27299,28132,20643,3941,537,65,81.96,15.65,2.13,0.26,2265,9282,4710,4386,2323,1618,348,165,24,57,8,0,8.99,36.85,18.7,17.41,9.22,6.42,1.38,0.66,0.1,0.23,0.03,0.0,680,24506,2.7,97.3
55 Servicios de alojamiento,551 Hoteles y alojamientos similares,250565.0,2.12,1.5,3.3,8641,8410,8615,8438,8369,6352,1701,480,108,73.51,19.69,5.55,1.25,1115,2058,1596,1583,883,818,301,148,31,81,25,2,12.9,23.82,18.47,18.32,10.22,9.47,3.48,1.71,0.36,0.94,0.29,0.02,898,7743,10.39,89.61
"47 Comercio al por menor, excepto de vehículos de motor y motocicletas",477 Comercio al por menor de otros artículos en establecimientos especializados,242341.0,2.05,-1.3,-13.4,27960,27900,31597,31377,32278,26436,1247,195,82,94.55,4.46,0.7,0.29,5348,13801,5663,1624,785,462,98,77,20,51,28,3,19.13,49.36,20.25,5.81,2.81,1.65,0.35,0.28,0.07,0.18,0.1,0.01,683,27277,2.44,97.56
"47 Comercio al por menor, excepto de vehículos de motor y motocicletas",471 Comercio al por menor en establecimientos no especializados,233708.0,1.97,1.3,0.4,9556,9340,9963,9555,9520,8537,831,107,81,89.34,8.7,1.12,0.85,859,3504,3133,1041,529,302,65,36,6,41,24,16,8.99,36.67,32.79,10.89,5.54,3.16,0.68,0.38,0.06,0.43,0.25,0.17,206,9350,2.16,97.84
"46 Comercio al por mayor e intermediarios del comercio, excepto de vehículos de motor y motocicletas",464 Comercio al por mayor de artículos de uso doméstico,228324.0,1.93,-2.0,-22.4,22612,22928,28021,28504,29156,20235,1885,396,96,89.49,8.34,1.75,0.42,4901,9184,3723,2427,1093,792,247,119,30,84,11,1,21.67,40.62,16.46,10.73,4.83,3.5,1.09,0.53,0.13,0.37,0.05,0.0,1368,21244,6.05,93.95
"71 Servicios técnicos de arquitectura e ingeniería, ensayos y análisis técnicos",711 Servicios técnicos de arquitectura e ingeniería y otras actividades relacionadas con el asesoramiento técnico,214806.0,1.81,0.8,-1.5,25989,25346,26818,26198,26376,23603,2036,278,72,90.82,7.83,1.07,0.28,8827,10130,3104,1542,1492,544,169,95,14,52,18,2,33.96,38.98,11.94,5.93,5.74,2.09,0.65,0.37,0.05,0.2,0.07,0.01,638,25351,2.45,97.55
52 Almacenamiento y actividades anexas al transporte,522 Actividades anexas al transporte,195192.0,1.65,-2.3,-15.7,9027,9156,10214,10406,10702,7319,1362,262,84,81.08,15.09,2.9,0.93,1334,3289,1708,988,848,514,155,90,17,59,23,2,14.78,36.44,18.92,10.94,9.39,5.69,1.72,1.0,0.19,0.65,0.25,0.02,904,8123,10.01,89.99
78 Actividades relacionadas con el empleo,782 Actividades de las empresas de trabajo temporal,178586.0,1.51,-4.3,-21.1,330,331,383,404,418,91,71,74,94,27.58,21.52,22.42,28.48,23,35,19,14,32,39,29,36,9,56,29,9,6.97,10.61,5.76,4.24,9.7,11.82,8.79,10.91,2.73,16.97,8.79,2.73,48,282,14.55,85.45
82 Actividades administrativas de oficina y otras actividades auxiliares a las empresas,829 Actividades de apoyo a las empresas n.c.o.p.,170730.0,1.44,0.8,-6.1,35700,33931,38661,38060,38032,34384,1082,166,68,96.31,3.03,0.46,0.19,18289,13054,2143,898,793,289,94,59,13,55,11,2,51.23,36.57,6.0,2.52,2.22,0.81,0.26,0.17,0.04,0.15,0.03,0.01,682,35018,1.91,98.09
"46 Comercio al por mayor e intermediarios del comercio, excepto de vehículos de motor y motocicletas",467 Otro comercio al por mayor especializado,170200.0,1.44,-1.4,-14.3,20140,20227,22836,23038,23509,17389,2371,346,34,86.34,11.77,1.72,0.17,3379,7071,3845,3094,1429,942,224,107,15,31,3,0,16.78,35.11,19.09,15.36,7.1,4.68,1.11,0.53,0.07,0.15,0.01,0.0,1744,18396,8.66,91.34
85 Educación,855 Otra educación,164296.0,1.39,2.5,3.8,18540,17669,18784,17959,17869,16134,2049,298,59,87.02,11.05,1.61,0.32,4668,6625,2751,2090,1250,799,196,87,15,55,4,0,25.18,35.73,14.84,11.27,6.74,4.31,1.06,0.47,0.08,0.3,0.02,0.0,182,18358,0.98,99.02
56 Servicios de comidas y bebidas,563 Establecimientos de bebidas,163512.0,1.38,-0.8,-9.0,30691,29488,33171,32639,33737,27888,2669,127,7,90.87,8.7,0.41,0.02,3605,10695,9847,3741,1791,878,108,17,2,5,2,0,11.75,34.85,32.08,12.19,5.84,2.86,0.35,0.06,0.01,0.02,0.01,0.0,196,30495,0.64,99.36
49 Transporte terrestre y por tubería,493 Otro transporte terrestre de pasajeros,142413.0,1.2,0.5,0.4,4172,4090,4238,4112,4156,3184,810,119,59,76.32,19.42,2.85,1.41,411,1326,741,706,454,356,86,27,6,37,16,6,9.85,31.78,17.76,16.92,10.88,8.53,2.06,0.65,0.14,0.89,0.38,0.14,256,3916,6.14,93.86
68 Actividades inmobiliarias,682 Alquiler de bienes inmobiliarios por cuenta propia,139564.0,1.18,4.2,17.7,86216,80943,79523,74954,73227,85551,622,38,5,99.23,0.72,0.04,0.01,54809,26179,3644,919,426,196,28,10,0,4,0,1,63.57,30.36,4.23,1.07,0.49,0.23,0.03,0.01,0.0,0.0,0.0,0.0,5971,80245,6.93,93.07
56 Servicios de comidas y bebidas,562 Provisión de comidas preparadas para eventos y otros servicios de comidas,139236.0,1.18,1.4,0.9,4998,4759,5099,4967,4955,4197,579,153,69,83.97,11.58,3.06,1.38,931,1652,1153,461,303,276,81,56,16,51,13,5,18.63,33.05,23.07,9.22,6.06,5.52,1.62,1.12,0.32,1.02,0.26,0.1,59,4939,1.18,98.82
10 Industria de la alimentación,101 Procesado y conservación de carne y elaboración de productos cárnicos,134055.0,1.13,-2.4,-12.3,2447,2512,2674,2734,2789,1366,855,164,62,55.82,34.94,6.7,2.53,122,472,400,372,455,400,103,47,14,41,20,1,4.99,19.29,16.35,15.2,18.59,16.35,4.21,1.92,0.57,1.68,0.82,0.04,396,2051,16.18,83.82
69 Actividades jurídicas y de contabilidad,"692 Actividades de contabilidad, teneduría de libros, auditoría y asesoría fiscal",133309.0,1.13,-0.1,-6.5,31270,30750,33391,33193,33450,29467,1697,85,21,94.23,5.43,0.27,0.07,9015,12460,5517,2475,1476,221,59,22,4,15,6,0,28.83,39.85,17.64,7.91,4.72,0.71,0.19,0.07,0.01,0.05,0.02,0.0,717,30553,2.29,97.71
86 Actividades sanitarias,862 Actividades médicas y odontológicas,124090.0,1.05,2.6,10.1,16638,15962,16042,15274,15117,14780,1735,93,30,88.83,10.43,0.56,0.18,2349,5800,4345,2286,1339,396,59,26,8,23,7,0,14.12,34.86,26.11,13.74,8.05,2.38,0.35,0.16,0.05,0.14,0.04,0.0,176,16462,1.06,98.94
80 Actividades de seguridad e investigación,801 Actividades de seguridad privada,116204.0,0.98,-1.0,-14.4,1037,1017,1187,1187,1212,619,232,123,63,59.69,22.37,11.86,6.08,222,222,92,83,134,98,57,56,10,44,14,5,21.41,21.41,8.87,8.0,12.92,9.45,5.5,5.4,0.96,4.24,1.35,0.48,103,934,9.93,90.07
87 Asistencia en establecimientos residenciales,873 Asistencia en establecimientos residenciales para personas mayores y con discapacidad física,114604.0,0.97,-0.4,-7.2,1497,1460,1628,1560,1613,438,763,252,44,29.26,50.97,16.83,2.94,193,61,65,119,333,430,193,48,11,28,14,2,12.89,4.07,4.34,7.95,22.24,28.72,12.89,3.21,0.73,1.87,0.94,0.13,82,1415,5.48,94.52
82 Actividades administrativas de oficina y otras actividades auxiliares a las empresas,822 Actividades de los centros de llamadas,114245.0,0.97,6.7,35.0,428,446,424,343,317,187,132,57,52,43.69,30.84,13.32,12.15,4,67,59,57,90,42,30,24,3,26,21,5,0.93,15.65,13.79,13.32,21.03,9.81,7.01,5.61,0.7,6.07,4.91,1.17,29,399,6.78,93.22
"47 Comercio al por menor, excepto de vehículos de motor y motocicletas",475 Comercio al por menor de otros artículos de uso doméstico en establecimientos especializados,110152.0,0.93,-1.4,-14.6,24661,24745,28056,28236,28877,23705,883,62,11,96.12,3.58,0.25,0.04,3573,12704,5833,1595,630,253,36,22,4,4,5,2,14.49,51.51,23.65,6.47,2.55,1.03,0.15,0.09,0.02,0.02,0.02,0.01,750,23911,3.04,96.96
"46 Comercio al por mayor e intermediarios del comercio, excepto de vehículos de motor y motocicletas","466 Comercio al por mayor de otra maquinaria, equipos y suministros",107151.0,0.91,-2.5,-19.5,11354,11602,13408,13713,14105,9782,1315,226,31,86.15,11.58,1.99,0.27,2014,4319,1938,1511,797,518,147,67,12,28,3,0,17.74,38.04,17.07,13.31,7.02,4.56,1.29,0.59,0.11,0.25,0.03,0.0,1193,10161,10.51,89.49
"70 Actividades de las sedes centrales, actividades de consultoría de gestión empresarial",702 Actividades de consultoría de gestión empresarial,104754.0,0.88,3.4,9.0,15058,14082,14779,14053,13818,13908,990,125,35,92.36,6.57,0.83,0.23,4804,6317,1934,853,728,262,72,45,8,27,7,1,31.9,41.95,12.84,5.66,4.83,1.74,0.48,0.3,0.05,0.18,0.05,0.01,335,14723,2.22,97.78
45 Venta y reparación de vehículos de motor y motocicletas,451 Venta de vehículos de motor,102172.0,0.86,-0.5,-17.9,7960,7808,9603,9510,9696,6777,894,238,51,85.14,11.23,2.99,0.64,2243,3206,928,400,507,387,137,87,14,47,4,0,28.18,40.28,11.66,5.03,6.37,4.86,1.72,1.09,0.18,0.59,0.05,0.0,596,7364,7.49,92.51
"25 Fabricación de productos metálicos, excepto maquinaria y equipo",251 Fabricación de elementos metálicos para la construcción,101433.0,0.86,0.1,-4.5,9286,9144,9745,9637,9722,7161,1919,185,21,77.12,20.67,1.99,0.23,537,3176,2083,1365,1132,787,130,47,8,20,1,0,5.78,34.2,22.43,14.7,12.19,8.48,1.4,0.51,0.09,0.22,0.01,0.0,379,8907,4.08,95.92
73 Publicidad y estudios de mercado,731 Publicidad,99441.0,0.84,0.6,-8.4,16419,15847,18140,17825,17932,15234,1060,93,32,92.78,6.46,0.57,0.19,5772,6842,1739,881,797,263,57,28,8,24,8,0,35.15,41.67,10.59,5.37,4.85,1.6,0.35,0.17,0.05,0.15,0.05,0.0,255,16164,1.55,98.45
"93 Actividades deportivas, recreativas y de entretenimiento",931 Actividades deportivas,99164.0,0.84,1.9,8.2,10587,9855,10152,9766,9783,9143,1236,166,42,86.36,11.67,1.57,0.4,2615,3563,1896,1069,908,328,104,52,10,39,3,0,24.7,33.65,17.91,10.1,8.58,3.1,0.98,0.49,0.09,0.37,0.03,0.0,388,10199,3.66,96.34
"29 Fabricación de vehículos de motor, remolques y semirremolques","293 Fabricación de componentes, piezas y accesorios para vehículos de motor",97484.0,0.82,-0.2,-4.3,618,615,659,665,646,268,178,109,63,43.37,28.8,17.64,10.19,39,106,69,54,120,58,52,42,15,47,15,1,6.31,17.15,11.17,8.74,19.42,9.39,8.41,6.8,2.43,7.61,2.43,0.16,149,469,24.11,75.89
"70 Actividades de las sedes centrales, actividades de consultoría de gestión empresarial",701 Actividades de las sedes centrales,96939.0,0.82,3.7,20.5,4682,4337,4364,3837,3884,3554,864,213,51,75.91,18.45,4.55,1.09,1155,1112,755,532,561,303,111,85,17,46,5,0,24.67,23.75,16.13,11.36,11.98,6.47,2.37,1.82,0.36,0.98,0.11,0.0,389,4293,8.31,91.69
86 Actividades sanitarias,869 Otras actividades sanitarias,96666.0,0.82,2.8,9.0,9654,9115,9350,9019,8853,8771,745,102,36,90.85,7.72,1.06,0.37,2803,3587,1587,794,514,231,75,20,7,25,10,1,29.03,37.16,16.44,8.22,5.32,2.39,0.78,0.21,0.07,0.26,0.1,0.01,108,9546,1.12,98.88
33 Reparación e instalación de maquinaria y equipo,"331 Reparación de productos metálicos, maquinaria y equipo",92882.0,0.78,0.3,-1.6,6076,5953,6207,6165,6173,4684,1177,182,33,77.09,19.37,3.0,0.54,494,2185,1233,772,728,449,113,54,15,28,5,0,8.13,35.96,20.29,12.71,11.98,7.39,1.86,0.89,0.25,0.46,0.08,0.0,234,5842,3.85,96.15
96 Otros servicios personales,960 Otros servicios personales,91996.0,0.78,0.2,0.2,17064,16286,17081,16786,17032,16135,819,86,24,94.56,4.8,0.5,0.14,2881,7259,4169,1826,536,283,61,21,4,22,1,1,16.88,42.54,24.43,10.7,3.14,1.66,0.36,0.12,0.02,0.13,0.01,0.01,178,16886,1.04,98.96
22 Fabricación de productos de caucho y plásticos,222 Fabricación de productos de plástico,90918.0,0.77,-1.7,-12.9,2641,2688,2943,2981,3032,1412,902,283,44,53.46,34.15,10.72,1.67,145,545,397,325,450,452,166,94,23,42,2,0,5.49,20.64,15.03,12.31,17.04,17.11,6.29,3.56,0.87,1.59,0.08,0.0,426,2215,16.13,83.87
68 Actividades inmobiliarias,683 Actividades inmobiliarias por cuenta de terceros,88318.0,0.75,1.7,-2.1,32840,31039,34660,33340,33530,32210,557,56,17,98.08,1.7,0.17,0.05,14441,12786,3747,1236,402,155,31,22,3,16,1,0,43.97,38.93,11.41,3.76,1.22,0.47,0.09,0.07,0.01,0.05,0.0,0.0,551,32289,1.68,98.32
10 Industria de la alimentación,107 Fabricación de productos de panadería y pastas alimenticias,88289.0,0.75,-1.0,-6.6,4420,4442,4685,4659,4734,2922,1336,138,24,66.11,30.23,3.12,0.54,174,961,960,827,774,562,88,45,5,17,7,0,3.94,21.74,21.72,18.71,17.51,12.71,1.99,1.02,0.11,0.38,0.16,0.0,192,4228,4.34,95.66
43 Actividades de construcción especializada,433 Acabado de edificios,84755.0,0.72,-0.0,-8.3,15280,14783,16655,16328,16665,13401,1797,79,3,87.7,11.76,0.52,0.02,1747,6884,3101,1669,1186,611,58,19,2,3,0,0,11.43,45.05,20.29,10.92,7.76,4.0,0.38,0.12,0.01,0.02,0.0,0.0,143,15137,0.94,99.06
45 Venta y reparación de vehículos de motor y motocicletas,452 Mantenimiento y reparación de vehículos de motor,84303.0,0.71,0.6,-2.2,17121,16905,17727,17475,17507,15518,1556,42,5,90.64,9.09,0.25,0.03,1420,7723,4385,1990,1345,211,31,8,3,3,2,0,8.29,45.11,25.61,11.62,7.86,1.23,0.18,0.05,0.02,0.02,0.01,0.0,455,16666,2.66,97.34
43 Actividades de construcción especializada,439 Otras actividades de construcción especializada,83078.0,0.7,5.2,15.7,9690,8975,9273,8567,8372,7727,1825,131,7,79.74,18.83,1.35,0.07,581,3574,2255,1317,1119,706,91,33,7,7,0,0,6.0,36.88,23.27,13.59,11.55,7.29,0.94,0.34,0.07,0.07,0.0,0.0,188,9502,1.94,98.06
"47 Comercio al por menor, excepto de vehículos de motor y motocicletas","472 Comercio al por menor de productos alimenticios, bebidas y tabaco en establecimientos especializados",81936.0,0.69,0.6,-2.1,14111,13932,14836,14407,14407,12953,1064,83,11,91.79,7.54,0.59,0.08,1326,5593,4566,1468,687,377,62,13,8,9,2,0,9.4,39.64,32.36,10.4,4.87,2.67,0.44,0.09,0.06,0.06,0.01,0.0,172,13939,1.22,98.78
86 Actividades sanitarias,861 Actividades hospitalarias,79562.0,0.67,-6.6,-29.2,337,341,367,391,476,180,63,50,44,53.41,18.69,14.84,13.06,44,72,34,30,29,34,17,26,7,30,9,5,13.06,21.36,10.09,8.9,8.61,10.09,5.04,7.72,2.08,8.9,2.67,1.48,65,272,19.29,80.71
81 Servicios a edificios y actividades de jardinería,811 Servicios integrales a edificios e instalaciones,77875.0,0.66,5.2,24.3,1757,1674,1613,1492,1414,1058,489,176,34,60.22,27.83,10.02,1.94,16,507,340,195,287,202,89,70,17,26,7,1,0.91,28.86,19.35,11.1,16.33,11.5,5.07,3.98,0.97,1.48,0.4,0.06,68,1689,3.87,96.13
41 Construcción de edificios,411 Promoción inmobiliaria,77268.0,0.65,-0.5,-22.7,43928,41838,56182,55040,56815,43408,476,40,4,98.82,1.08,0.09,0.01,28733,11794,2248,633,281,195,31,7,2,4,0,0,65.41,26.85,5.12,1.44,0.64,0.44,0.07,0.02,0.0,0.01,0.0,0.0,2556,41372,5.82,94.18
10 Industria de la alimentación,108 Fabricación de otros productos alimenticios,72544.0,0.61,0.9,-1.3,2122,2117,2254,2184,2150,1286,652,134,50,60.6,30.73,6.31,2.36,208,446,370,262,304,348,74,42,18,48,2,0,9.8,21.02,17.44,12.35,14.33,16.4,3.49,1.98,0.85,2.26,0.09,0.0,240,1882,11.31,88.69
88 Actividades de servicios sociales sin alojamiento,881 Actividades de servicios sociales sin alojamiento para personas mayores y con discapacidad,71345.0,0.6,2.5,12.8,874,842,832,777,775,333,370,135,36,38.1,42.33,15.45,4.12,18,85,109,121,195,175,94,36,5,28,5,3,2.06,9.73,12.47,13.84,22.31,20.02,10.76,4.12,0.57,3.2,0.57,0.34,16,858,1.83,98.17
85 Educación,853 Educación secundaria,68532.0,0.58,-3.2,-15.0,1454,1486,1604,1657,1711,826,411,190,27,56.81,28.27,13.07,1.86,65,348,224,189,192,219,107,64,19,20,7,0,4.47,23.93,15.41,13.0,13.2,15.06,7.36,4.4,1.31,1.38,0.48,0.0,116,1338,7.98,92.02
"46 Comercio al por mayor e intermediarios del comercio, excepto de vehículos de motor y motocicletas",465 Comercio al por mayor de equipos para las tecnologías de la información y las comunicaciones,66658.0,0.56,-3.0,-13.1,3170,3338,3644,3612,3647,2424,575,148,23,76.47,18.14,4.67,0.73,202,1049,652,521,303,272,88,54,6,17,6,0,6.37,33.09,20.57,16.44,9.56,8.58,2.78,1.7,0.19,0.54,0.19,0.0,400,2770,12.62,87.38
21 Fabricación de productos farmacéuticos,212 Fabricación de especialidades farmacéuticas,65930.0,0.56,0.0,-3.3,204,203,224,225,211,81,36,41,46,39.71,17.65,20.1,22.55,22,32,13,14,11,25,18,19,4,33,13,0,10.78,15.69,6.37,6.86,5.39,12.25,8.82,9.31,1.96,16.18,6.37,0.0,73,131,35.78,64.22
42 Ingeniería civil,"421 Construcción de carreteras y vías férreas, puentes y túneles",60846.0,0.51,-1.7,-6.2,785,781,808,823,837,292,321,137,35,37.2,40.89,17.45,4.46,23,96,85,88,133,188,75,53,9,30,4,1,2.93,12.23,10.83,11.21,16.94,23.95,9.55,6.75,1.15,3.82,0.51,0.13,206,579,26.24,73.76
11 Fabricación de bebidas,110 Fabricación de bebidas,60332.0,0.51,-0.4,-5.0,3160,3153,3317,3293,3327,2523,512,102,23,79.84,16.2,3.23,0.73,647,989,558,329,295,217,67,28,7,16,7,0,20.47,31.3,17.66,10.41,9.34,6.87,2.12,0.89,0.22,0.51,0.22,0.0,390,2770,12.34,87.66
"38 Recogida, tratamiento y eliminación de residuos, valorización",381 Recogida de residuos,59952.0,0.51,-0.5,-1.6,1024,983,1030,1024,1041,708,232,58,26,69.14,22.66,5.66,2.54,121,267,185,135,133,99,36,17,5,16,7,3,11.82,26.07,18.07,13.18,12.99,9.67,3.52,1.66,0.49,1.56,0.68,0.29,84,940,8.2,91.8
31 Fabricación de muebles,310 Fabricación de muebles,59574.0,0.5,-2.4,-15.5,4591,4676,5181,5267,5431,3417,1019,137,18,74.43,22.2,2.98,0.39,335,1569,917,596,599,420,93,33,11,18,0,0,7.3,34.18,19.97,12.98,13.05,9.15,2.03,0.72,0.24,0.39,0.0,0.0,258,4333,5.62,94.38
69 Actividades jurídicas y de contabilidad,691 Actividades jurídicas,57726.0,0.49,2.0,-0.1,13046,12655,13589,13282,13062,12382,587,61,16,94.91,4.5,0.47,0.12,4503,5254,1871,754,483,104,35,21,5,14,2,0,34.52,40.27,14.34,5.78,3.7,0.8,0.27,0.16,0.04,0.11,0.02,0.0,113,12933,0.87,99.13
"46 Comercio al por mayor e intermediarios del comercio, excepto de vehículos de motor y motocicletas",461 Intermediarios del comercio,56824.0,0.48,2.4,-5.1,19589,18735,21624,20905,20641,19016,503,63,7,97.07,2.57,0.32,0.04,7018,9356,1779,863,313,190,42,15,6,7,0,0,35.83,47.76,9.08,4.41,1.6,0.97,0.21,0.08,0.03,0.04,0.0,0.0,361,19228,1.84,98.16
"71 Servicios técnicos de arquitectura e ingeniería, ensayos y análisis técnicos",712 Ensayos y análisis técnicos,55473.0,0.47,-1.0,-9.6,9599,9309,10412,10460,10620,9140,370,69,20,95.22,3.85,0.72,0.21,4867,3561,486,226,271,99,46,14,9,14,6,0,50.7,37.1,5.06,2.35,2.82,1.03,0.48,0.15,0.09,0.15,0.06,0.0,194,9405,2.02,97.98
66 Actividades auxiliares a los servicios financieros y a los seguros,662 Actividades auxiliares a seguros y fondos de pensiones,55304.0,0.47,1.8,-0.2,12540,12263,13202,12737,12566,12128,328,65,19,96.71,2.62,0.52,0.15,2998,6798,1793,539,214,114,35,28,2,17,2,0,23.91,54.21,14.3,4.3,1.71,0.91,0.28,0.22,0.02,0.14,0.02,0.0,278,12262,2.22,97.78
45 Venta y reparación de vehículos de motor y motocicletas,453 Comercio de repuestos y accesorios de vehículos de motor,54586.0,0.46,-2.2,-13.3,4559,4577,5034,5076,5261,3803,647,86,23,83.42,14.19,1.89,0.5,679,1741,887,496,482,165,45,36,5,20,3,0,14.89,38.19,19.46,10.88,10.57,3.62,0.99,0.79,0.11,0.44,0.07,0.0,274,4285,6.01,93.99
"64 Servicios financieros, excepto seguros y fondos de pensiones",641 Intermediación monetaria,53677.0,0.45,-4.5,-20.6,54,81,81,89,68,20,3,8,23,37.04,5.56,14.81,42.59,4,9,4,3,1,2,5,0,3,12,5,6,7.41,16.67,7.41,5.56,1.85,3.7,9.26,0.0,5.56,22.22,9.26,11.11,33,21,61.11,38.89
17 Industria del papel,172 Fabricación de artículos de papel y de cartón,52402.0,0.44,-2.3,-12.5,1013,1037,1130,1132,1158,532,345,111,25,52.52,34.06,10.96,2.47,63,193,143,133,184,161,63,41,7,19,6,0,6.22,19.05,14.12,13.13,18.16,15.89,6.22,4.05,0.69,1.88,0.59,0.0,166,847,16.39,83.61
28 Fabricación de maquinaria y equipo n.c.o.p.,282 Fabricación de otra maquinaria de uso general,51580.0,0.44,-2.4,-13.9,1427,1445,1590,1598,1657,824,474,98,31,57.74,33.22,6.87,2.17,142,286,204,192,283,191,53,33,12,28,3,0,9.95,20.04,14.3,13.45,19.83,13.38,3.71,2.31,0.84,1.96,0.21,0.0,228,1199,15.98,84.02
10 Industria de la alimentación,103 Procesado y conservación de frutas y hortalizas,51018.0,0.43,-1.1,-8.7,939,960,1037,1029,1029,501,328,82,28,53.35,34.93,8.73,2.98,75,190,128,108,145,183,45,33,4,22,6,0,7.99,20.23,13.63,11.5,15.44,19.49,4.79,3.51,0.43,2.34,0.64,0.0,151,788,16.08,83.92
18 Artes gráficas y reproducción de soportes grabados,181 Artes gráficas y servicios relacionados con las mismas,50908.0,0.43,-1.9,-15.4,6253,6314,7112,7182,7395,5274,868,98,13,84.34,13.88,1.57,0.21,686,2711,1218,659,590,278,63,33,2,13,0,0,10.97,43.36,19.48,10.54,9.44,4.45,1.01,0.53,0.03,0.21,0.0,0.0,410,5843,6.56,93.44
"74 Otras actividades profesionales, científicas y técnicas","749 Otras actividades profesionales, científicas y técnicas n.c.o.p.",50866.0,0.43,4.6,20.2,3182,3108,3075,2826,2647,2598,485,76,23,81.65,15.24,2.39,0.72,167,1511,609,311,346,139,50,21,5,19,3,1,5.25,47.49,19.14,9.77,10.87,4.37,1.57,0.66,0.16,0.6,0.09,0.03,101,3081,3.17,96.83
"93 Actividades deportivas, recreativas y de entretenimiento",932 Actividades recreativas y de entretenimiento,50797.0,0.43,-2.0,-8.3,5443,5138,5699,5606,5937,4433,901,94,15,81.44,16.55,1.73,0.28,1214,1692,955,572,676,225,63,27,4,14,1,0,22.3,31.09,17.55,10.51,12.42,4.13,1.16,0.5,0.07,0.26,0.02,0.0,165,5278,3.03,96.97
"35 Suministro de energía eléctrica, gas, vapor y aire acondicionado","351 Producción, transporte y distribución de energía eléctrica",49969.0,0.42,-0.2,-8.7,8545,8474,9314,9277,9361,8209,264,51,21,96.07,3.09,0.6,0.25,5901,1867,302,139,164,100,30,15,6,15,6,0,69.06,21.85,3.53,1.63,1.92,1.17,0.35,0.18,0.07,0.18,0.07,0.0,362,8183,4.24,95.76
"25 Fabricación de productos metálicos, excepto maquinaria y equipo","256 Tratamiento y revestimiento de metales, ingeniería mecánica por cuenta de terceros",49888.0,0.42,-2.3,-9.7,3726,3776,3939,3995,4126,2462,1144,115,5,66.08,30.7,3.09,0.13,217,988,706,551,635,509,82,29,4,5,0,0,5.82,26.52,18.95,14.79,17.04,13.66,2.2,0.78,0.11,0.13,0.0,0.0,418,3308,11.22,88.78
"59 Actividades cinematográficas, de vídeo y de programas de televisión, grabación de sonido y edición musical","591 Actividades cinematográficas, de vídeo y de programas de televisión",49807.0,0.42,1.5,-4.4,4489,4342,4962,4681,4698,3873,490,105,21,86.28,10.92,2.34,0.47,1339,1720,554,260,316,174,71,27,7,18,3,0,29.83,38.32,12.34,5.79,7.04,3.88,1.58,0.6,0.16,0.4,0.07,0.0,135,4354,3.01,96.99
"47 Comercio al por menor, excepto de vehículos de motor y motocicletas",473 Comercio al por menor de combustible para la automoción en establecimientos especializados,48759.0,0.41,-1.6,-8.8,4586,4561,4871,4884,5028,3988,540,51,7,86.96,11.77,1.11,0.15,292,1252,1745,699,368,172,37,14,0,2,4,1,6.37,27.3,38.05,15.24,8.02,3.75,0.81,0.31,0.0,0.04,0.09,0.02,377,4209,8.22,91.78
"90 Actividades de creación, artísticas y espectáculos","900 Actividades de creación, artísticas y espectáculos",46938.0,0.4,-0.1,7.9,7337,6537,6772,6560,6799,6463,776,90,8,88.09,10.58,1.23,0.11,2457,2530,879,597,539,237,59,27,4,7,1,0,33.49,34.48,11.98,8.14,7.35,3.23,0.8,0.37,0.05,0.1,0.01,0.0,74,7263,1.01,98.99
"47 Comercio al por menor, excepto de vehículos de motor y motocicletas",476 Comercio al por menor de artículos culturales y recreativos en establecimientos especializados,46264.0,0.39,-0.7,-9.7,6228,6147,6860,6707,6900,5888,277,47,16,94.54,4.45,0.75,0.26,1004,3210,1286,388,168,109,29,15,3,13,1,2,16.12,51.54,20.65,6.23,2.7,1.75,0.47,0.24,0.05,0.21,0.02,0.03,142,6086,2.28,97.72
20 Industria química,"201 Fabricación de productos químicos básicos, compuestos nitrogenados, fertilizantes, plásticos y caucho sintético en formas primarias",46000.0,0.39,-0.5,-5.9,924,918,975,992,982,524,269,104,27,56.71,29.11,11.26,2.92,125,173,114,112,126,143,69,24,11,23,4,0,13.53,18.72,12.34,12.12,13.64,15.48,7.47,2.6,1.19,2.49,0.43,0.0,169,755,18.29,81.71
"16 Industria de la madera y del corcho, excepto muebles, cestería y espartería","162 Fabricación de productos de madera, corcho, cestería y espartería",45254.0,0.38,-2.1,-12.3,3921,3966,4285,4363,4471,3024,803,82,12,77.12,20.48,2.09,0.31,295,1417,778,534,492,311,59,21,2,11,1,0,7.52,36.14,19.84,13.62,12.55,7.93,1.5,0.54,0.05,0.28,0.03,0.0,252,3669,6.43,93.57
"65 Seguros, reaseguros y fondos de pensiones, excepto Seguridad Social obligatoria",651 Seguros,45188.0,0.38,-2.6,-12.8,607,626,680,681,696,514,37,30,26,84.68,6.1,4.94,4.28,65,319,107,23,14,23,15,14,1,17,8,1,10.71,52.55,17.63,3.79,2.31,3.79,2.47,2.31,0.16,2.8,1.32,0.16,108,499,17.79,82.21
53 Actividades postales y de correos,532 Otras actividades postales y de correos,45185.0,0.38,1.8,-5.7,2284,2270,2597,2493,2422,1656,528,85,15,72.5,23.12,3.72,0.66,372,605,348,331,378,150,62,22,1,10,5,0,16.29,26.49,15.24,14.49,16.55,6.57,2.71,0.96,0.04,0.44,0.22,0.0,35,2249,1.53,98.47
52 Almacenamiento y actividades anexas al transporte,521 Depósito y almacenamiento,44588.0,0.38,0.2,-1.8,1448,1399,1481,1471,1474,1077,290,61,20,74.38,20.03,4.21,1.38,329,444,195,109,166,124,37,21,3,14,5,1,22.72,30.66,13.47,7.53,11.46,8.56,2.56,1.45,0.21,0.97,0.35,0.07,160,1288,11.05,88.95
77 Actividades de alquiler,"773 Alquiler de otra maquinaria, equipos y bienes tangibles",44398.0,0.38,0.1,-1.2,8738,8341,8851,8752,8841,8203,456,67,12,93.88,5.22,0.77,0.14,4128,2897,708,470,275,181,44,18,5,10,2,0,47.24,33.15,8.1,5.38,3.15,2.07,0.5,0.21,0.06,0.11,0.02,0.0,345,8393,3.95,96.05
"79 Actividades de agencias de viajes, operadores turísticos, servicios de reservas y actividades relacionadas con los mismos",791 Actividades de agencias de viajes y operadores turísticos,43006.0,0.36,-3.6,-13.8,5617,5397,6045,6063,6515,5246,319,37,15,93.4,5.68,0.66,0.27,1207,2892,833,314,244,75,17,18,2,10,5,0,21.49,51.49,14.83,5.59,4.34,1.34,0.3,0.32,0.04,0.18,0.09,0.0,451,5166,8.03,91.97
"36 Captación, depuración y distribución de agua","360 Captación, depuración y distribución de agua",41992.0,0.35,-1.1,-8.9,530,535,575,582,582,374,75,58,23,70.57,14.15,10.94,4.34,105,145,68,56,36,39,36,15,7,17,4,2,19.81,27.36,12.83,10.57,6.79,7.36,6.79,2.83,1.32,3.21,0.75,0.38,170,360,32.08,67.92
27 Fabricación de material y equipo eléctrico,"271 Fabricación de motores, generadores y transformadores eléctricos, y de aparatos de distribución y control eléctrico",40902.0,0.35,-4.6,-15.3,443,474,506,508,523,234,140,49,20,52.82,31.6,11.06,4.51,47,102,46,39,81,59,28,17,4,12,8,0,10.61,23.02,10.38,8.8,18.28,13.32,6.32,3.84,0.9,2.71,1.81,0.0,84,359,18.96,81.04
20 Industria química,"204 Fabricación de jabones, detergentes y otros artículos de limpieza y abrillantamiento, fabricación de perfumes y cosméticos",40574.0,0.34,0.0,-8.8,874,871,971,955,958,515,244,84,31,58.92,27.92,9.61,3.55,92,209,129,85,146,98,50,26,8,29,2,0,10.53,23.91,14.76,9.73,16.7,11.21,5.72,2.97,0.92,3.32,0.23,0.0,145,729,16.59,83.41
92 Actividades de juegos de azar y apuestas,920 Actividades de juegos de azar y apuestas,39570.0,0.33,0.1,-9.5,3707,3698,4124,4126,4095,3319,315,54,19,89.53,8.5,1.46,0.51,690,1838,623,168,188,127,29,20,5,16,3,0,18.61,49.58,16.81,4.53,5.07,3.43,0.78,0.54,0.13,0.43,0.08,0.0,350,3357,9.44,90.56
88 Actividades de servicios sociales sin alojamiento,889 Otros actividades de servicios sociales sin alojamiento,38822.0,0.33,0.1,-8.3,932,911,1018,1015,1016,623,229,62,18,66.85,24.57,6.65,1.93,124,159,192,148,139,90,44,13,5,13,4,1,13.3,17.06,20.6,15.88,14.91,9.66,4.72,1.39,0.54,1.39,0.43,0.11,13,919,1.39,98.61
58 Edición,"581 Edición de libros, periódicos y otras actividades editoriales",38148.0,0.32,-2.5,-24.3,3540,3602,4471,4527,4678,3204,256,61,19,90.51,7.23,1.72,0.54,1102,1449,415,238,167,89,34,22,5,16,3,0,31.13,40.93,11.72,6.72,4.72,2.51,0.96,0.62,0.14,0.45,0.08,0.0,232,3308,6.55,93.45
87 Asistencia en establecimientos residenciales,871 Asistencia en establecimientos residenciales con cuidados sanitarios,36306.0,0.31,-0.8,-2.3,812,813,826,847,831,98,598,108,8,12.07,73.65,13.3,0.99,1,22,24,51,274,324,73,32,3,6,2,0,0.12,2.71,2.96,6.28,33.74,39.9,8.99,3.94,0.37,0.74,0.25,0.0,39,773,4.8,95.2
43 Actividades de construcción especializada,431 Demolición y preparación de terrenos,36288.0,0.31,-2.1,-13.5,4081,3982,4524,4526,4719,3207,788,84,2,78.58,19.31,2.06,0.05,487,1599,708,413,451,337,60,24,0,2,0,0,11.93,39.18,17.35,10.12,11.05,8.26,1.47,0.59,0.0,0.05,0.0,0.0,200,3881,4.9,95.1
55 Servicios de alojamiento,552 Alojamientos turísticos y otros alojamientos de corta estancia,34540.0,0.29,6.4,26.7,8395,7603,7496,6894,6626,7964,369,56,6,94.87,4.4,0.67,0.07,3192,3142,1027,603,211,158,37,17,2,6,0,0,38.02,37.43,12.23,7.18,2.51,1.88,0.44,0.2,0.02,0.07,0.0,0.0,266,8129,3.17,96.83
"29 Fabricación de vehículos de motor, remolques y semirremolques",291 Fabricación de vehículos de motor,34170.0,0.29,0.0,-12.0,81,78,92,90,92,50,15,6,10,61.73,18.52,7.41,12.35,11,25,10,4,8,7,2,3,1,3,2,5,13.58,30.86,12.35,4.94,9.88,8.64,2.47,3.7,1.23,3.7,2.47,6.17,14,67,17.28,82.72
10 Industria de la alimentación,105 Fabricación de productos lácteos,33823.0,0.29,-0.4,-2.0,849,848,872,858,866,590,201,36,22,69.49,23.67,4.24,2.59,59,242,182,107,113,88,21,13,2,18,4,0,6.95,28.5,21.44,12.6,13.31,10.37,2.47,1.53,0.24,2.12,0.47,0.0,74,775,8.72,91.28
"25 Fabricación de productos metálicos, excepto maquinaria y equipo",259 Fabricación de otros productos metálicos,33701.0,0.28,-1.6,-12.3,1702,1712,1881,1890,1941,1139,469,82,12,66.92,27.56,4.82,0.71,121,478,303,237,238,231,52,27,3,11,1,0,7.11,28.08,17.8,13.92,13.98,13.57,3.06,1.59,0.18,0.65,0.06,0.0,226,1476,13.28,86.72
"47 Comercio al por menor, excepto de vehículos de motor y motocicletas",474 Comercio al por menor de equipos para las tecnologías de la información y las comunicaciones en establecimientos especializados,33064.0,0.28,-5.9,-28.9,3476,3643,4325,4560,4886,3244,188,34,10,93.33,5.41,0.98,0.29,351,1970,714,209,109,79,26,6,2,6,3,1,10.1,56.67,20.54,6.01,3.14,2.27,0.75,0.17,0.06,0.17,0.09,0.03,84,3392,2.42,97.58
61 Telecomunicaciones,619 Otras actividades de telecomunicaciones,32717.0,0.28,2.4,-0.7,2289,2271,2528,2399,2305,1940,271,64,14,84.75,11.84,2.8,0.61,596,870,320,154,174,97,38,22,4,12,1,1,26.04,38.01,13.98,6.73,7.6,4.24,1.66,0.96,0.17,0.52,0.04,0.04,66,2223,2.88,97.12
14 Confección de prendas de vestir,"141 Confección de prendas de vestir, excepto de peletería",32698.0,0.28,-2.9,-21.7,2466,2469,2969,3032,3149,1968,452,39,7,79.81,18.33,1.58,0.28,305,827,497,339,295,157,32,7,0,4,2,1,12.37,33.54,20.15,13.75,11.96,6.37,1.3,0.28,0.0,0.16,0.08,0.04,135,2331,5.47,94.53
85 Educación,854 Educación postsecundaria,32526.0,0.27,2.5,1.1,1417,1382,1506,1471,1401,1251,108,41,17,88.29,7.62,2.89,1.2,598,496,100,57,47,61,20,15,6,12,5,0,42.2,35.0,7.06,4.02,3.32,4.3,1.41,1.06,0.42,0.85,0.35,0.0,46,1371,3.25,96.75
63 Servicios de información,"631 Proceso de datos, hosting y actividades relacionadas, portales web",31302.0,0.26,-3.1,-19.6,1162,1204,1382,1406,1446,880,186,74,22,75.73,16.01,6.37,1.89,196,452,143,89,104,82,40,25,9,21,1,0,16.87,38.9,12.31,7.66,8.95,7.06,3.44,2.15,0.77,1.81,0.09,0.0,46,1116,3.96,96.04
77 Actividades de alquiler,771 Alquiler de vehículos de motor,30905.0,0.26,3.4,16.4,4371,3995,3900,3738,3754,4178,151,26,16,95.58,3.45,0.59,0.37,1955,1584,432,207,101,50,15,8,3,13,3,0,44.73,36.24,9.88,4.74,2.31,1.14,0.34,0.18,0.07,0.3,0.07,0.0,104,4267,2.38,97.62
10 Industria de la alimentación,"102 Procesado y conservación de pescados, crustáceos y moluscos",30843.0,0.26,-0.3,-6.9,509,497,544,545,547,214,219,59,17,42.04,43.03,11.59,3.34,40,72,45,57,89,130,34,21,4,14,3,0,7.86,14.15,8.84,11.2,17.49,25.54,6.68,4.13,0.79,2.75,0.59,0.0,85,424,16.7,83.3
28 Fabricación de maquinaria y equipo n.c.o.p.,289 Fabricación de otra maquinaria para usos específicos,30799.0,0.26,-0.5,-5.4,1934,1938,2042,2060,2044,1193,651,84,6,61.69,33.66,4.34,0.31,87,459,371,276,431,220,55,23,6,6,0,0,4.5,23.73,19.18,14.27,22.29,11.38,2.84,1.19,0.31,0.31,0.0,0.0,252,1682,13.03,86.97
"47 Comercio al por menor, excepto de vehículos de motor y motocicletas","479 Comercio al por menor no realizado ni en establecimientos, ni en puestos de venta ni en mercadillos",30710.0,0.26,9.4,18.3,5433,5031,5722,5164,4594,5073,296,53,11,93.37,5.45,0.98,0.2,2346,1869,614,244,174,122,37,14,2,10,1,0,43.18,34.4,11.3,4.49,3.2,2.25,0.68,0.26,0.04,0.18,0.02,0.0,62,5371,1.14,98.86
23 Fabricación de otros productos minerales no metálicos,"236 Fabricación de elementos de hormigón, cemento y yeso",29762.0,0.25,-3.6,-16.4,1429,1441,1587,1607,1709,889,459,71,10,62.21,32.12,4.97,0.7,134,325,224,206,246,213,46,25,0,9,1,0,9.38,22.74,15.68,14.42,17.21,14.91,3.22,1.75,0.0,0.63,0.07,0.0,260,1169,18.19,81.81
"25 Fabricación de productos metálicos, excepto maquinaria y equipo","255 Forja, estampación y embutición de metales, metalurgia de polvos",28502.0,0.24,-2.0,-13.5,888,915,1009,1019,1027,522,300,52,14,58.78,33.78,5.86,1.58,45,180,158,139,154,146,30,19,3,12,2,0,5.07,20.27,17.79,15.65,17.34,16.44,3.38,2.14,0.34,1.35,0.23,0.0,150,738,16.89,83.11
85 Educación,852 Educación primaria,28481.0,0.24,-0.3,4.6,430,437,441,412,411,73,214,135,8,16.98,49.77,31.4,1.86,16,26,8,23,47,167,83,46,6,7,1,0,3.72,6.05,1.86,5.35,10.93,38.84,19.3,10.7,1.4,1.63,0.23,0.0,51,379,11.86,88.14
85 Educación,851 Educación preprimaria,28298.0,0.24,-2.0,-11.4,1972,1980,2136,2182,2225,1493,418,55,6,75.71,21.2,2.79,0.3,47,259,563,624,283,135,31,22,2,5,1,0,2.38,13.13,28.55,31.64,14.35,6.85,1.57,1.12,0.1,0.25,0.05,0.0,32,1940,1.62,98.38
61 Telecomunicaciones,611 Telecomunicaciones por cable,27514.0,0.23,-5.1,-27.8,982,995,1225,1303,1360,839,115,16,12,85.44,11.71,1.63,1.22,339,323,109,68,73,42,7,9,0,7,4,1,34.52,32.89,11.1,6.92,7.43,4.28,0.71,0.92,0.0,0.71,0.41,0.1,30,952,3.05,96.95
23 Fabricación de otros productos minerales no metálicos,233 Fabricación de productos cerámicos para la construcción,27374.0,0.23,-3.2,-16.3,343,352,385,400,410,170,107,48,18,49.56,31.2,13.99,5.25,29,65,36,40,39,68,24,22,2,15,3,0,8.45,18.95,10.5,11.66,11.37,19.83,7.0,6.41,0.58,4.37,0.87,0.0,94,249,27.41,72.59
15 Industria del cuero y del calzado,152 Fabricación de calzado,27138.0,0.23,-4.4,-27.7,1677,1704,2119,2156,2320,1019,588,65,5,60.76,35.06,3.88,0.3,115,396,275,233,316,272,45,18,2,5,0,0,6.86,23.61,16.4,13.89,18.84,16.22,2.68,1.07,0.12,0.3,0.0,0.0,49,1628,2.92,97.08
"46 Comercio al por mayor e intermediarios del comercio, excepto de vehículos de motor y motocicletas",462 Comercio al por mayor de materias primas agrarias y de animales vivos,26882.0,0.23,-0.0,-10.0,5176,5191,5791,5777,5751,4771,363,37,5,92.18,7.01,0.71,0.1,965,2303,965,538,233,130,26,11,0,5,0,0,18.64,44.49,18.64,10.39,4.5,2.51,0.5,0.21,0.0,0.1,0.0,0.0,295,4881,5.7,94.3
60 Actividades de programación y emisión de radio y televisión,602 Actividades de programación y emisión de televisión,25614.0,0.22,-4.1,-19.0,422,416,479,498,521,316,78,16,12,74.88,18.48,3.79,2.84,122,102,64,28,49,29,10,4,2,7,4,1,28.91,24.17,15.17,6.64,11.61,6.87,2.37,0.95,0.47,1.66,0.95,0.24,54,368,12.8,87.2
33 Reparación e instalación de maquinaria y equipo,332 Instalación de máquinas y equipos industriales,24589.0,0.21,1.8,4.9,790,810,809,779,753,535,207,37,11,67.72,26.2,4.68,1.39,7,237,181,110,117,90,23,13,1,8,3,0,0.89,30.0,22.91,13.92,14.81,11.39,2.91,1.65,0.13,1.01,0.38,0.0,65,725,8.23,91.77
81 Servicios a edificios y actividades de jardinería,813 Actividades de jardinería,24222.0,0.2,0.9,4.4,1992,1962,1970,1963,1908,1547,395,43,7,77.66,19.83,2.16,0.35,36,665,524,322,305,90,28,14,1,6,1,0,1.81,33.38,26.31,16.16,15.31,4.52,1.41,0.7,0.05,0.3,0.05,0.0,52,1940,2.61,97.39
72 Investigación y desarrollo,721 Investigación y desarrollo experimental en ciencias naturales y técnicas,23976.0,0.2,-0.1,-6.4,2068,1987,2206,2220,2210,1752,245,64,7,84.72,11.85,3.09,0.34,754,561,231,206,134,111,36,21,7,6,1,0,36.46,27.13,11.17,9.96,6.48,5.37,1.74,1.02,0.34,0.29,0.05,0.0,69,1999,3.34,96.66
23 Fabricación de otros productos minerales no metálicos,231 Fabricación de vidrio y productos de vidrio,23446.0,0.2,-3.5,-14.1,644,658,699,726,750,393,195,43,13,61.02,30.28,6.68,2.02,27,170,110,86,96,99,30,10,3,11,2,0,4.19,26.4,17.08,13.35,14.91,15.37,4.66,1.55,0.47,1.71,0.31,0.0,69,575,10.71,89.29
28 Fabricación de maquinaria y equipo n.c.o.p.,281 Fabricación de maquinaria de uso general,23192.0,0.2,-0.9,-4.7,482,483,514,498,506,238,174,58,12,49.38,36.1,12.03,2.49,18,85,71,64,108,66,36,19,3,10,2,0,3.73,17.63,14.73,13.28,22.41,13.69,7.47,3.94,0.62,2.07,0.41,0.0,137,345,28.42,71.58
82 Actividades administrativas de oficina y otras actividades auxiliares a las empresas,821 Actividades administrativas y auxiliares de oficina,22488.0,0.19,4.7,18.3,2514,2358,2385,2185,2126,2286,198,20,10,90.93,7.88,0.8,0.4,393,1349,394,150,146,52,11,5,4,8,2,0,15.63,53.66,15.67,5.97,5.81,2.07,0.44,0.2,0.16,0.32,0.08,0.0,57,2457,2.27,97.73
13 Industria textil,139 Fabricación de otros productos textiles,22411.0,0.19,-1.0,-8.4,1780,1810,1984,1938,1943,1250,451,77,2,70.22,25.34,4.33,0.11,173,475,327,275,302,149,58,16,3,2,0,0,9.72,26.69,18.37,15.45,16.97,8.37,3.26,0.9,0.17,0.11,0.0,0.0,160,1620,8.99,91.01
"24 Metalurgia, fabricación de productos de hierro, acero y ferroaleaciones","241 Fabricación de productos básicos de hierro, acero y ferroaleaciones",21874.0,0.18,2.4,9.5,253,242,236,236,231,148,75,21,9,58.5,29.64,8.3,3.56,12,56,40,40,39,36,12,7,2,5,3,1,4.74,22.13,15.81,15.81,15.42,14.23,4.74,2.77,0.79,1.98,1.19,0.4,38,215,15.02,84.98
30 Fabricación de otro material de transporte,303 Construcción aeronáutica y espacial y su maquinaria,21384.0,0.18,10.0,35.2,123,126,110,103,91,55,39,18,11,44.72,31.71,14.63,8.94,7,20,14,14,16,23,12,6,0,7,3,1,5.69,16.26,11.38,11.38,13.01,18.7,9.76,4.88,0.0,5.69,2.44,0.81,18,105,14.63,85.37
66 Actividades auxiliares a los servicios financieros y a los seguros,"661 Actividades auxiliares a los servicios financieros, excepto seguros y fondos de pensiones",21162.0,0.18,15.6,37.1,6187,5156,6321,5024,4514,5994,149,37,7,96.88,2.41,0.6,0.11,3800,1644,388,162,97,52,15,20,2,7,0,0,61.42,26.57,6.27,2.62,1.57,0.84,0.24,0.32,0.03,0.11,0.0,0.0,312,5875,5.04,94.96
"38 Recogida, tratamiento y eliminación de residuos, valorización",382 Tratamiento y eliminación de residuos,21022.0,0.18,4.2,7.7,422,412,441,415,392,302,84,27,9,71.56,19.91,6.4,2.13,51,93,84,74,42,42,15,9,3,6,2,1,12.09,22.04,19.91,17.54,9.95,9.95,3.55,2.13,0.71,1.42,0.47,0.24,49,373,11.61,88.39
82 Actividades administrativas de oficina y otras actividades auxiliares a las empresas,823 Organización de convenciones y ferias de muestras,20257.0,0.17,-0.4,0.1,3638,3423,3602,3486,3636,3268,323,43,4,89.83,8.88,1.18,0.11,1244,1393,414,217,224,99,28,13,2,4,0,0,34.19,38.29,11.38,5.96,6.16,2.72,0.77,0.36,0.05,0.11,0.0,0.0,51,3587,1.4,98.6
42 Ingeniería civil,422 Construcción de redes,20241.0,0.17,4.7,17.9,878,837,833,797,745,630,211,29,8,71.75,24.03,3.3,0.91,32,294,188,116,112,99,16,10,3,6,2,0,3.64,33.49,21.41,13.21,12.76,11.28,1.82,1.14,0.34,0.68,0.23,0.0,62,816,7.06,92.94
21 Fabricación de productos farmacéuticos,211 Fabricación de productos farmacéuticos de base,20204.0,0.17,-2.3,-4.5,126,128,135,128,132,55,28,20,23,43.65,22.22,15.87,18.25,12,22,11,10,14,14,8,9,3,22,1,0,9.52,17.46,8.73,7.94,11.11,11.11,6.35,7.14,2.38,17.46,0.79,0.0,39,87,30.95,69.05
22 Fabricación de productos de caucho y plásticos,221 Fabricación de productos de caucho,19908.0,0.17,-3.3,-13.7,427,439,480,476,495,234,148,38,7,54.8,34.66,8.9,1.64,21,80,77,56,61,87,25,10,3,5,1,1,4.92,18.74,18.03,13.11,14.29,20.37,5.85,2.34,0.7,1.17,0.23,0.23,89,338,20.84,79.16
78 Actividades relacionadas con el empleo,783 Otra provisión de recursos humanos,19711.0,0.17,5.0,-3.9,548,512,628,594,570,405,112,24,7,73.91,20.44,4.38,1.28,134,169,63,39,71,41,12,10,2,4,2,1,24.45,30.84,11.5,7.12,12.96,7.48,2.19,1.82,0.36,0.73,0.36,0.18,12,536,2.19,97.81
32 Otras industrias manufactureras,325 Fabricación de instrumentos y suministros médicos y odontológicos,19604.0,0.17,2.0,4.6,1511,1461,1501,1454,1444,1183,283,40,5,78.29,18.73,2.65,0.33,150,514,326,193,183,100,25,12,3,4,1,0,9.93,34.02,21.58,12.77,12.11,6.62,1.65,0.79,0.2,0.26,0.07,0.0,47,1464,3.11,96.89
"24 Metalurgia, fabricación de productos de hierro, acero y ferroaleaciones",244 Producción de metales preciosos y de otros metales no férreos,19572.0,0.17,-3.2,-15.2,145,145,162,160,171,61,39,29,16,42.07,26.9,20.0,11.03,12,23,15,11,22,17,12,13,4,14,2,0,8.28,15.86,10.34,7.59,15.17,11.72,8.28,8.97,2.76,9.66,1.38,0.0,38,107,26.21,73.79
20 Industria química,"203 Fabricación de pinturas, barnices y revestimientos similares, tintas de imprenta y masillas",19112.0,0.16,-1.4,-8.2,367,364,389,393,400,191,121,46,9,52.04,32.97,12.53,2.45,21,68,58,44,56,65,28,15,3,7,2,0,5.72,18.53,15.8,11.99,15.26,17.71,7.63,4.09,0.82,1.91,0.54,0.0,102,265,27.79,72.21
51 Transporte aéreo,511 Transporte aéreo de pasajeros,18946.0,0.16,-2.0,-3.9,99,100,103,107,103,68,10,8,13,68.69,10.1,8.08,13.13,22,27,11,8,4,6,2,3,3,10,2,1,22.22,27.27,11.11,8.08,4.04,6.06,2.02,3.03,3.03,10.1,2.02,1.01,20,79,20.2,79.8
"46 Comercio al por mayor e intermediarios del comercio, excepto de vehículos de motor y motocicletas",469 Comercio al por mayor no especializado,18126.0,0.15,0.7,-11.3,5618,5271,6420,6315,6331,5397,213,6,2,96.07,3.79,0.11,0.04,1742,2456,759,440,149,64,3,2,1,2,0,0,31.01,43.72,13.51,7.83,2.65,1.14,0.05,0.04,0.02,0.04,0.0,0.0,150,5468,2.67,97.33
80 Actividades de seguridad e investigación,802 Servicios de sistemas de seguridad,17758.0,0.15,5.2,27.5,482,455,440,421,378,307,152,15,8,63.69,31.54,3.11,1.66,8,117,104,78,103,49,9,5,1,6,1,1,1.66,24.27,21.58,16.18,21.37,10.17,1.87,1.04,0.21,1.24,0.21,0.21,34,448,7.05,92.95
20 Industria química,205 Fabricación de otros productos químicos,17533.0,0.15,-1.0,-4.7,623,620,656,673,654,399,140,76,8,64.04,22.47,12.2,1.28,72,141,91,95,67,73,50,25,1,8,0,0,11.56,22.63,14.61,15.25,10.75,11.72,8.03,4.01,0.16,1.28,0.0,0.0,134,489,21.51,78.49
30 Fabricación de otro material de transporte,302 Fabricación de locomotoras y material ferroviario,17118.0,0.14,-2.5,-9.7,56,56,59,56,62,19,19,13,5,33.93,33.93,23.21,8.93,5,7,2,5,12,7,2,8,3,1,3,1,8.93,12.5,3.57,8.93,21.43,12.5,3.57,14.29,5.36,1.79,5.36,1.79,17,39,30.36,69.64
42 Ingeniería civil,429 Construcción de otros proyectos de ingeniería civil,17028.0,0.14,2.9,11.7,755,718,716,681,676,435,265,53,2,57.62,35.1,7.02,0.26,20,213,126,76,130,135,36,14,3,1,1,0,2.65,28.21,16.69,10.07,17.22,17.88,4.77,1.85,0.4,0.13,0.13,0.0,92,663,12.19,87.81
58 Edición,582 Edición de programas informáticos,16710.0,0.14,-0.1,1.4,520,514,544,552,513,315,157,39,9,60.58,30.19,7.5,1.73,27,164,63,61,97,60,23,14,2,8,1,0,5.19,31.54,12.12,11.73,18.65,11.54,4.42,2.69,0.38,1.54,0.19,0.0,34,486,6.54,93.46
23 Fabricación de otros productos minerales no metálicos,"237 Corte, tallado y acabado de la piedra",16130.0,0.14,-2.0,-12.3,1732,1749,1897,1929,1976,1429,284,16,3,82.51,16.4,0.92,0.17,147,658,408,216,186,98,13,3,0,2,1,0,8.49,37.99,23.56,12.47,10.74,5.66,0.75,0.17,0.0,0.12,0.06,0.0,113,1619,6.52,93.48
"25 Fabricación de productos metálicos, excepto maquinaria y equipo","257 Fabricación de artículos de cuchillería y cubertería, herramientas y ferretería",16082.0,0.14,-3.6,-13.9,1309,1350,1423,1484,1521,973,306,25,5,74.33,23.38,1.91,0.38,73,404,274,222,190,116,15,8,2,5,0,0,5.58,30.86,20.93,16.96,14.51,8.86,1.15,0.61,0.15,0.38,0.0,0.0,166,1143,12.68,87.32
27 Fabricación de material y equipo eléctrico,279 Fabricación de otro material y equipo eléctrico,15638.0,0.13,-0.6,-0.9,338,332,337,340,341,175,121,36,6,51.78,35.8,10.65,1.78,5,68,48,54,66,55,24,12,0,4,2,0,1.48,20.12,14.2,15.98,19.53,16.27,7.1,3.55,0.0,1.18,0.59,0.0,63,275,18.64,81.36
"24 Metalurgia, fabricación de productos de hierro, acero y ferroaleaciones",245 Fundición de metales,15128.0,0.13,-3.3,-14.9,330,341,370,375,388,163,109,47,11,49.39,33.03,14.24,3.33,14,56,51,42,56,53,30,14,3,11,0,0,4.24,16.97,15.45,12.73,16.97,16.06,9.09,4.24,0.91,3.33,0.0,0.0,84,246,25.45,74.55
15 Industria del cuero y del calzado,"151 Preparación, curtido y acabado del cuero, fabricación de artículos de marroquinería, viaje y de guarnicionería y talabartería, preparación y teñido de pieles",15046.0,0.13,-1.4,-19.1,491,494,595,608,607,327,127,29,8,66.6,25.87,5.91,1.63,57,145,61,64,72,55,12,13,4,7,1,0,11.61,29.53,12.42,13.03,14.66,11.2,2.44,2.65,0.81,1.43,0.2,0.0,50,441,10.18,89.82
"26 Fabricación de productos informáticos, electrónicos y ópticos",261 Fabricación de componentes electrónicos y circuitos impresos ensamblados,14999.0,0.13,-1.8,-8.5,465,467,498,514,508,299,125,33,8,64.3,26.88,7.1,1.72,59,115,72,53,78,47,19,8,6,7,1,0,12.69,24.73,15.48,11.4,16.77,10.11,4.09,1.72,1.29,1.51,0.22,0.0,57,408,12.26,87.74
"95 Reparación de ordenadores, efectos personales y artículos de uso doméstico",951 Reparación de ordenadores y equipos de comunicación,14968.0,0.13,-2.8,-12.6,2153,2097,2324,2387,2462,2074,57,17,5,96.33,2.65,0.79,0.23,579,1143,243,109,41,16,11,4,2,3,2,0,26.89,53.09,11.29,5.06,1.9,0.74,0.51,0.19,0.09,0.14,0.09,0.0,31,2122,1.44,98.56
"95 Reparación de ordenadores, efectos personales y artículos de uso doméstico",952 Reparación de efectos personales y artículos de uso doméstico,14278.0,0.12,-1.0,-9.3,3328,3336,3592,3604,3668,3191,125,10,2,95.88,3.76,0.3,0.06,724,1787,448,232,82,43,7,2,1,1,1,0,21.75,53.7,13.46,6.97,2.46,1.29,0.21,0.06,0.03,0.03,0.03,0.0,31,3297,0.93,99.07
78 Actividades relacionadas con el empleo,781 Actividades de las agencias de colocación,14060.0,0.12,-1.3,-14.3,1068,1073,1237,1219,1246,902,126,31,9,84.46,11.8,2.9,0.84,314,409,109,70,69,57,18,9,4,9,0,0,29.4,38.3,10.21,6.55,6.46,5.34,1.69,0.84,0.37,0.84,0.0,0.0,16,1052,1.5,98.5
75 Actividades veterinarias,750 Actividades veterinarias,13918.0,0.12,2.2,8.8,2105,2068,2065,1984,1934,1915,173,11,6,90.97,8.22,0.52,0.29,228,839,604,244,140,33,6,4,1,6,0,0,10.83,39.86,28.69,11.59,6.65,1.57,0.29,0.19,0.05,0.29,0.0,0.0,13,2092,0.62,99.38
"38 Recogida, tratamiento y eliminación de residuos, valorización",383 Valorización,13830.0,0.12,-0.7,-3.6,426,419,436,440,442,245,139,38,4,57.51,32.63,8.92,0.94,7,62,80,96,58,81,23,12,3,3,1,0,1.64,14.55,18.78,22.54,13.62,19.01,5.4,2.82,0.7,0.7,0.23,0.0,60,366,14.08,85.92
87 Asistencia en establecimientos residenciales,"872 Asistencia en establecimientos residenciales para personas con discapacidad intelectual, enfermedad mental y drogodependencia",13042.0,0.11,-0.6,-7.0,159,156,169,174,171,40,93,20,6,25.16,58.49,12.58,3.77,2,9,16,13,39,54,14,6,0,4,2,0,1.26,5.66,10.06,8.18,24.53,33.96,8.81,3.77,0.0,2.52,1.26,0.0,10,149,6.29,93.71
"25 Fabricación de productos metálicos, excepto maquinaria y equipo","252 Fabricación de cisternas, grandes depósitos y contenedores de metal",12738.0,0.11,-1.9,-14.2,552,559,628,644,643,278,230,41,3,50.36,41.67,7.43,0.54,28,86,79,85,118,112,27,13,1,3,0,0,5.07,15.58,14.31,15.4,21.38,20.29,4.89,2.36,0.18,0.54,0.0,0.0,82,470,14.86,85.14
10 Industria de la alimentación,109 Fabricación de productos para la alimentación animal,12688.0,0.11,-0.3,-4.6,495,487,516,517,519,294,153,42,6,59.39,30.91,8.48,1.21,41,93,85,75,65,88,33,8,1,6,0,0,8.28,18.79,17.17,15.15,13.13,17.78,6.67,1.62,0.2,1.21,0.0,0.0,103,392,20.81,79.19
"91 Actividades de bibliotecas, archivos, museos y otras actividades culturales","910 Actividades de bibliotecas, archivos, museos y otras actividades culturales",12614.0,0.11,-2.7,-3.0,1306,1200,1274,1294,1347,1144,136,21,5,87.6,10.41,1.61,0.38,494,455,121,74,94,42,14,7,0,4,1,0,37.83,34.84,9.26,5.67,7.2,3.22,1.07,0.54,0.0,0.31,0.08,0.0,32,1274,2.45,97.55
73 Publicidad y estudios de mercado,732 Estudios de mercado y realización de encuestas de opinión pública,12296.0,0.1,-3.0,-27.7,2148,2176,2796,2869,2972,1996,121,25,6,92.92,5.63,1.16,0.28,855,915,143,83,83,38,15,10,0,6,0,0,39.8,42.6,6.66,3.86,3.86,1.77,0.7,0.47,0.0,0.28,0.0,0.0,88,2060,4.1,95.9
"29 Fabricación de vehículos de motor, remolques y semirremolques","292 Fabricación de carrocerías para vehículos de motor, fabricación de remolques y semirremolques",11844.0,0.1,-3.8,-10.5,495,517,540,534,553,290,166,34,5,58.59,33.54,6.87,1.01,28,88,94,80,120,46,14,17,3,5,0,0,5.66,17.78,18.99,16.16,24.24,9.29,2.83,3.43,0.61,1.01,0.0,0.0,70,425,14.14,85.86
13 Industria textil,133 Acabado de textiles,11794.0,0.1,-4.4,-15.2,363,360,391,400,428,230,116,13,4,63.36,31.96,3.58,1.1,21,87,63,59,71,45,11,2,0,2,2,0,5.79,23.97,17.36,16.25,19.56,12.4,3.03,0.55,0.0,0.55,0.55,0.0,42,321,11.57,88.43
60 Actividades de programación y emisión de radio y televisión,601 Actividades de radiodifusión,11466.0,0.1,-3.9,-25.6,520,541,658,671,699,445,64,5,6,85.58,12.31,0.96,1.15,100,219,87,39,49,15,2,2,1,4,2,0,19.23,42.12,16.73,7.5,9.42,2.88,0.38,0.38,0.19,0.77,0.38,0.0,70,450,13.46,86.54
10 Industria de la alimentación,104 Fabricación de aceites y grasas vegetales y animales,11172.0,0.09,1.7,-0.9,771,753,804,793,778,600,146,19,6,77.82,18.94,2.46,0.78,118,227,154,101,88,58,8,10,1,6,0,0,15.3,29.44,19.97,13.1,11.41,7.52,1.04,1.3,0.13,0.78,0.0,0.0,91,680,11.8,88.2
08 Otras industrias extractivas,"081 Extracción de piedra, arena y arcilla",11120.0,0.09,-3.8,-21.7,1107,1135,1309,1345,1414,796,286,25,0,71.91,25.84,2.26,0.0,195,276,183,142,177,109,20,3,2,0,0,0,17.62,24.93,16.53,12.83,15.99,9.85,1.81,0.27,0.18,0.0,0.0,0.0,188,919,16.98,83.02
17 Industria del papel,"171 Fabricación de pasta papelera, papel y cartón",11088.0,0.09,-2.9,-10.8,148,157,149,149,166,74,42,25,7,50.0,28.38,16.89,4.73,8,32,23,11,20,22,13,8,4,6,1,0,5.41,21.62,15.54,7.43,13.51,14.86,8.78,5.41,2.7,4.05,0.68,0.0,40,108,27.03,72.97
23 Fabricación de otros productos minerales no metálicos,239 Fabricación de productos abrasivos y productos minerales no metálicos n.c.o.p.,10812.0,0.09,-0.9,-9.3,214,215,232,233,236,125,61,22,6,58.41,28.5,10.28,2.8,24,46,24,31,30,31,12,5,5,5,1,0,11.21,21.5,11.21,14.49,14.02,14.49,5.61,2.34,2.34,2.34,0.47,0.0,70,144,32.71,67.29
28 Fabricación de maquinaria y equipo n.c.o.p.,283 Fabricación de maquinaria agraria y forestal,10218.0,0.09,-3.2,-10.2,465,482,500,503,518,288,153,21,3,61.94,32.9,4.52,0.65,29,117,81,61,108,45,17,4,0,2,1,0,6.24,25.16,17.42,13.12,23.23,9.68,3.66,0.86,0.0,0.43,0.22,0.0,42,423,9.03,90.97
"64 Servicios financieros, excepto seguros y fondos de pensiones","649 Otros servicios financieros, excepto seguros y fondos de pensiones",10158.0,0.09,-1.8,-17.1,1115,1554,1726,1432,1345,996,82,32,5,89.33,7.35,2.87,0.45,626,248,73,49,48,34,20,9,3,5,0,0,56.14,22.24,6.55,4.39,4.3,3.05,1.79,0.81,0.27,0.45,0.0,0.0,493,622,44.22,55.78
27 Fabricación de material y equipo eléctrico,274 Fabricación de lámparas y aparatos eléctricos de iluminación,9276.0,0.08,-3.6,-15.1,344,358,387,400,405,242,82,16,4,70.35,23.84,4.65,1.16,21,105,76,40,50,32,9,6,1,3,1,0,6.1,30.52,22.09,11.63,14.53,9.3,2.62,1.74,0.29,0.87,0.29,0.0,46,298,13.37,86.63
61 Telecomunicaciones,612 Telecomunicaciones inalámbricas,9180.0,0.08,-4.4,-18.1,199,208,233,244,243,152,38,5,4,76.38,19.1,2.51,2.01,11,75,43,23,26,12,2,2,1,2,2,0,5.53,37.69,21.61,11.56,13.07,6.03,1.01,1.01,0.5,1.01,1.01,0.0,8,191,4.02,95.98
"26 Fabricación de productos informáticos, electrónicos y ópticos","265 Fabricación de instrumentos y aparatos de medida, verificación y navegación, fabricación de relojes",9128.0,0.08,-3.6,-20.9,408,429,515,527,516,261,105,39,3,63.97,25.74,9.56,0.74,49,105,58,49,64,41,25,12,2,3,0,0,12.01,25.74,14.22,12.01,15.69,10.05,6.13,2.94,0.49,0.74,0.0,0.0,72,336,17.65,82.35
50 Transporte marítimo y por vías navegables interiores,501 Transporte marítimo de pasajeros,8996.0,0.08,2.8,17.7,419,400,410,359,356,370,43,3,3,88.31,10.26,0.72,0.72,40,192,92,46,30,13,0,3,0,1,2,0,9.55,45.82,21.96,10.98,7.16,3.1,0.0,0.72,0.0,0.24,0.48,0.0,13,406,3.1,96.9
27 Fabricación de material y equipo eléctrico,273 Fabricación de cables y dispositivos de cableado,8830.0,0.07,-2.8,-10.4,138,139,146,146,154,67,44,23,4,48.55,31.88,16.67,2.9,7,26,16,18,21,23,14,6,3,3,1,0,5.07,18.84,11.59,13.04,15.22,16.67,10.14,4.35,2.17,2.17,0.72,0.0,33,105,23.91,76.09
"24 Metalurgia, fabricación de productos de hierro, acero y ferroaleaciones","242 Fabricación de tubos, tuberías, perfiles huecos y sus accesorios, de acero",8819.0,0.07,-1.7,-11.1,104,112,114,116,117,41,40,18,5,39.42,38.46,17.31,4.81,2,12,12,15,24,16,10,4,4,4,1,0,1.92,11.54,11.54,14.42,23.08,15.38,9.62,3.85,3.85,3.85,0.96,0.0,31,73,29.81,70.19
"26 Fabricación de productos informáticos, electrónicos y ópticos",263 Fabricación de equipos de telecomunicaciones,8576.0,0.07,3.8,2.8,147,139,154,148,143,82,41,20,4,55.78,27.89,13.61,2.72,16,33,20,13,21,20,10,7,3,3,1,0,10.88,22.45,13.61,8.84,14.29,13.61,6.8,4.76,2.04,2.04,0.68,0.0,33,114,22.45,77.55
30 Fabricación de otro material de transporte,301 Construcción naval,8496.0,0.07,-3.1,-9.4,367,356,380,396,405,269,75,21,2,73.3,20.44,5.72,0.54,35,114,73,47,44,31,13,6,2,1,1,0,9.54,31.06,19.89,12.81,11.99,8.45,3.54,1.63,0.54,0.27,0.27,0.0,39,328,10.63,89.37
45 Venta y reparación de vehículos de motor y motocicletas,"454 Venta, mantenimiento y reparación de motocicletas y de sus repuestos y accesorios",8416.0,0.07,2.3,0.6,1556,1509,1620,1570,1547,1380,166,10,0,88.69,10.67,0.64,0.0,122,706,389,163,127,39,6,1,3,0,0,0,7.84,45.37,25.0,10.48,8.16,2.51,0.39,0.06,0.19,0.0,0.0,0.0,66,1490,4.24,95.76
27 Fabricación de material y equipo eléctrico,275 Fabricación de aparatos domésticos,8054.0,0.07,-3.6,-11.3,141,153,166,165,159,93,31,12,5,65.96,21.99,8.51,3.55,21,37,19,16,14,17,4,8,0,4,1,0,14.89,26.24,13.48,11.35,9.93,12.06,2.84,5.67,0.0,2.84,0.71,0.0,19,122,13.48,86.52
28 Fabricación de maquinaria y equipo n.c.o.p.,284 Fabricación de máquinas herramienta para trabajar el metal y otras máquinas herramienta,8016.0,0.07,-3.1,-12.6,394,400,410,426,451,235,137,19,3,59.64,34.77,4.82,0.76,20,98,71,46,81,56,10,7,2,3,0,0,5.08,24.87,18.02,11.68,20.56,14.21,2.54,1.78,0.51,0.76,0.0,0.0,59,335,14.97,85.03
85 Educación,856 Actividades auxiliares a la educación,7939.0,0.07,3.2,11.7,479,448,445,421,429,404,59,13,3,84.34,12.32,2.71,0.63,82,188,75,59,36,23,10,2,1,2,1,0,17.12,39.25,15.66,12.32,7.52,4.8,2.09,0.42,0.21,0.42,0.21,0.0,7,472,1.46,98.54
32 Otras industrias manufactureras,329 Industrias manufactureras n.c.o.p.,7904.0,0.07,-2.1,-11.9,734,748,820,814,833,556,159,18,1,75.75,21.66,2.45,0.14,104,254,119,79,85,74,11,6,1,1,0,0,14.17,34.6,16.21,10.76,11.58,10.08,1.5,0.82,0.14,0.14,0.0,0.0,53,681,7.22,92.78
23 Fabricación de otros productos minerales no metálicos,"235 Fabricación de cemento, cal y yeso",7818.0,0.07,-0.5,0.0,107,102,106,106,107,63,26,13,5,58.88,24.3,12.15,4.67,7,31,9,16,14,12,8,3,2,4,1,0,6.54,28.97,8.41,14.95,13.08,11.21,7.48,2.8,1.87,3.74,0.93,0.0,33,74,30.84,69.16
63 Servicios de información,639 Otros servicios de información,7476.0,0.06,4.9,23.8,910,861,827,744,735,782,104,22,2,85.93,11.43,2.42,0.22,20,498,185,79,70,34,18,4,0,2,0,0,2.2,54.73,20.33,8.68,7.69,3.74,1.98,0.44,0.0,0.22,0.0,0.0,32,878,3.52,96.48
10 Industria de la alimentación,"106 Fabricación de productos de molinería, almidones y productos amiláceos",7020.0,0.06,-1.5,-7.7,239,239,255,251,259,155,70,8,6,64.85,29.29,3.35,2.51,17,57,51,30,36,34,4,2,2,6,0,0,7.11,23.85,21.34,12.55,15.06,14.23,1.67,0.84,0.84,2.51,0.0,0.0,72,167,30.13,69.87
19 Coquerías y refino de petróleo,192 Refino de petróleo,6794.0,0.06,-3.1,-38.5,8,7,12,11,13,4,0,1,3,50.0,0.0,12.5,37.5,0,1,1,2,0,0,0,1,0,1,2,0,0.0,12.5,12.5,25.0,0.0,0.0,0.0,12.5,0.0,12.5,25.0,0.0,6,2,75.0,25.0
37 Recogida y tratamiento de aguas residuales,370 Recogida y tratamiento de aguas residuales,6754.0,0.06,0.2,-5.2,310,306,328,329,327,227,69,13,1,73.23,22.26,4.19,0.32,31,73,65,58,44,25,8,4,1,0,1,0,10.0,23.55,20.97,18.71,14.19,8.06,2.58,1.29,0.32,0.0,0.32,0.0,24,286,7.74,92.26
"64 Servicios financieros, excepto seguros y fondos de pensiones",642 Actividades de las sociedades holding,6616.0,0.06,40.7,353.4,4312,3475,1878,1411,951,4308,4,0,0,99.91,0.09,0.0,0.0,1577,2394,325,12,4,0,0,0,0,0,0,0,36.57,55.52,7.54,0.28,0.09,0.0,0.0,0.0,0.0,0.0,0.0,0.0,254,4058,5.89,94.11
"16 Industria de la madera y del corcho, excepto muebles, cestería y espartería",161 Aserrado y cepillado de la madera,6440.0,0.05,-3.1,-10.1,657,684,710,728,731,480,164,13,0,73.06,24.96,1.98,0.0,46,186,152,96,107,57,9,4,0,0,0,0,7.0,28.31,23.14,14.61,16.29,8.68,1.37,0.61,0.0,0.0,0.0,0.0,56,601,8.52,91.48
77 Actividades de alquiler,772 Alquiler de efectos personales y artículos de uso doméstico,6415.0,0.05,-2.0,-10.8,1353,1300,1454,1452,1516,1225,121,7,0,90.54,8.94,0.52,0.0,344,515,225,141,79,42,4,3,0,0,0,0,25.42,38.06,16.63,10.42,5.84,3.1,0.3,0.22,0.0,0.0,0.0,0.0,24,1329,1.77,98.23
"74 Otras actividades profesionales, científicas y técnicas",743 Actividades de traducción e interpretación,6332.0,0.05,-2.1,-11.9,951,956,1035,1050,1080,879,57,11,4,92.43,5.99,1.16,0.42,309,418,101,51,45,12,8,3,0,4,0,0,32.49,43.95,10.62,5.36,4.73,1.26,0.84,0.32,0.0,0.42,0.0,0.0,13,938,1.37,98.63
49 Transporte terrestre y por tubería,491 Transporte interurbano de pasajeros por ferrocarril,6324.0,0.05,2.5,0.0,4,5,7,5,4,0,0,1,3,0.0,0.0,25.0,75.0,0,0,0,0,0,0,1,0,0,2,0,1,0.0,0.0,0.0,0.0,0.0,0.0,25.0,0.0,0.0,50.0,0.0,25.0,4,0,100.0,0.0
55 Servicios de alojamiento,553 Campings y aparcamientos para caravanas,6176.0,0.05,1.4,5.4,826,810,829,790,784,679,136,11,0,82.2,16.46,1.33,0.0,102,228,189,160,98,38,8,3,0,0,0,0,12.35,27.6,22.88,19.37,11.86,4.6,0.97,0.36,0.0,0.0,0.0,0.0,79,747,9.56,90.44
13 Industria textil,132 Fabricación de tejidos textiles,5798.0,0.05,-4.5,-15.5,277,288,306,323,328,167,90,18,2,60.29,32.49,6.5,0.72,11,58,60,38,56,34,13,2,3,2,0,0,3.97,20.94,21.66,13.72,20.22,12.27,4.69,0.72,1.08,0.72,0.0,0.0,55,222,19.86,80.14
"79 Actividades de agencias de viajes, operadores turísticos, servicios de reservas y actividades relacionadas con los mismos",799 Otros servicios de reservas y actividades relacionadas con los mismos,5558.0,0.05,-1.9,-8.4,428,421,445,417,467,334,79,13,2,78.04,18.46,3.04,0.47,37,156,88,53,54,25,6,5,2,2,0,0,8.64,36.45,20.56,12.38,12.62,5.84,1.4,1.17,0.47,0.47,0.0,0.0,21,407,4.91,95.09
68 Actividades inmobiliarias,681 Compraventa de bienes inmobiliarios por cuenta propia,5454.0,0.05,7.9,34.1,1605,1463,1410,1270,1197,1562,38,3,2,97.32,2.37,0.19,0.12,238,1042,230,52,22,16,3,0,0,2,0,0,14.83,64.92,14.33,3.24,1.37,1.0,0.19,0.0,0.0,0.12,0.0,0.0,104,1501,6.48,93.52
"74 Otras actividades profesionales, científicas y técnicas",742 Actividades de fotografía,5322.0,0.04,-2.8,-11.2,1741,1698,1852,1861,1961,1668,70,2,1,95.81,4.02,0.11,0.06,469,923,207,69,57,13,1,1,0,1,0,0,26.94,53.02,11.89,3.96,3.27,0.75,0.06,0.06,0.0,0.06,0.0,0.0,27,1714,1.55,98.45
"74 Otras actividades profesionales, científicas y técnicas",741 Actividades de diseño especializado,5310.0,0.04,2.0,6.3,795,812,812,781,748,684,99,12,0,86.04,12.45,1.51,0.0,48,349,184,103,69,30,9,2,1,0,0,0,6.04,43.9,23.14,12.96,8.68,3.77,1.13,0.25,0.13,0.0,0.0,0.0,15,780,1.89,98.11
53 Actividades postales y de correos,531 Actividades postales sometidas a la obligación del servicio universal,5000.0,0.04,0.0,0.0,1,1,1,1,1,0,0,0,1,0.0,0.0,0.0,100.0,0,0,0,0,0,0,0,0,0,0,0,1,0.0,0.0,0.0,0.0,0.0,0.0,0.0,0.0,0.0,0.0,0.0,100.0,1,0,100.0,0.0
32 Otras industrias manufactureras,"321 Fabricación de artículos de joyería, bisutería y similares",4976.0,0.04,-2.6,-18.6,609,617,716,719,748,535,63,9,2,87.85,10.34,1.48,0.33,98,253,104,80,38,25,8,0,1,2,0,0,16.09,41.54,17.08,13.14,6.24,4.11,1.31,0.0,0.16,0.33,0.0,0.0,48,561,7.88,92.12
23 Fabricación de otros productos minerales no metálicos,234 Fabricación de otros productos cerámicos,4910.0,0.04,-1.7,-9.7,299,305,324,329,331,228,60,8,3,76.25,20.07,2.68,1.0,44,86,55,43,36,24,4,3,1,3,0,0,14.72,28.76,18.39,14.38,12.04,8.03,1.34,1.0,0.33,1.0,0.0,0.0,18,281,6.02,93.98
66 Actividades auxiliares a los servicios financieros y a los seguros,663 Actividades de gestión de fondos,4902.0,0.04,5.6,49.0,365,356,354,266,245,235,117,13,0,64.38,32.05,3.56,0.0,25,71,82,57,72,45,9,2,2,0,0,0,6.85,19.45,22.47,15.62,19.73,12.33,2.47,0.55,0.55,0.0,0.0,0.0,296,69,81.1,18.9
"25 Fabricación de productos metálicos, excepto maquinaria y equipo",254 Fabricación de armas y municiones,4806.0,0.04,3.1,0.0,32,31,35,34,32,13,11,6,2,40.62,34.38,18.75,6.25,4,7,1,1,6,5,1,4,1,1,1,0,12.5,21.88,3.12,3.12,18.75,15.62,3.12,12.5,3.12,3.12,3.12,0.0,12,20,37.5,62.5
49 Transporte terrestre y por tubería,492 Transporte de mercancías por ferrocarril,4733.0,0.04,0.5,4.2,50,62,64,50,48,37,8,2,3,74.0,16.0,4.0,6.0,8,20,6,3,5,3,1,1,0,2,1,0,16.0,40.0,12.0,6.0,10.0,6.0,2.0,2.0,0.0,4.0,2.0,0.0,18,32,36.0,64.0
"24 Metalurgia, fabricación de productos de hierro, acero y ferroaleaciones",243 Fabricación de otros productos de primera transformación del acero,4448.0,0.04,-1.3,-4.2,277,269,278,276,289,192,70,14,1,69.31,25.27,5.05,0.36,11,58,67,56,36,34,11,2,1,1,0,0,3.97,20.94,24.19,20.22,13.0,12.27,3.97,0.72,0.36,0.36,0.0,0.0,51,226,18.41,81.59
"35 Suministro de energía eléctrica, gas, vapor y aire acondicionado","352 Producción de gas, distribución por tubería de combustibles gaseosos",4370.0,0.04,3.2,26.2,77,66,64,63,61,53,12,7,5,68.83,15.58,9.09,6.49,15,17,13,8,7,5,3,4,0,5,0,0,19.48,22.08,16.88,10.39,9.09,6.49,3.9,5.19,0.0,6.49,0.0,0.0,29,48,37.66,62.34
27 Fabricación de material y equipo eléctrico,272 Fabricación de pilas y acumuladores eléctricos,4304.0,0.04,16.8,90.9,42,34,30,25,22,28,7,5,2,66.67,16.67,11.9,4.76,11,14,1,2,3,4,4,1,0,1,1,0,26.19,33.33,2.38,4.76,7.14,9.52,9.52,2.38,0.0,2.38,2.38,0.0,5,37,11.9,88.1
13 Industria textil,131 Preparación e hilado de fibras textiles,4254.0,0.04,-2.8,-14.9,251,255,283,283,295,155,80,15,1,61.75,31.87,5.98,0.4,18,65,41,31,53,27,12,2,1,1,0,0,7.17,25.9,16.33,12.35,21.12,10.76,4.78,0.8,0.4,0.4,0.0,0.0,47,204,18.73,81.27
20 Industria química,202 Fabricación de pesticidas y otros productos agroquímicos,3888.0,0.03,-2.5,-13.6,70,71,77,79,81,32,17,19,2,45.71,24.29,27.14,2.86,4,12,7,9,4,13,12,6,1,2,0,0,5.71,17.14,10.0,12.86,5.71,18.57,17.14,8.57,1.43,2.86,0.0,0.0,24,46,34.29,65.71
"47 Comercio al por menor, excepto de vehículos de motor y motocicletas",478 Comercio al por menor en puestos de venta y en mercadillos,3779.0,0.03,-2.3,-19.9,1678,1643,1999,2016,2096,1655,21,2,0,98.63,1.25,0.12,0.0,569,766,255,65,16,5,2,0,0,0,0,0,33.91,45.65,15.2,3.87,0.95,0.3,0.12,0.0,0.0,0.0,0.0,0.0,7,1671,0.42,99.58
32 Otras industrias manufactureras,324 Fabricación de juegos y juguetes,3238.0,0.03,-0.6,-6.2,228,214,240,245,243,167,49,11,1,73.25,21.49,4.82,0.44,50,66,31,20,31,18,8,2,1,1,0,0,21.93,28.95,13.6,8.77,13.6,7.89,3.51,0.88,0.44,0.44,0.0,0.0,19,209,8.33,91.67
08 Otras industrias extractivas,089 Industrias extractivas n.c.o.p.,3218.0,0.03,-2.6,-17.2,120,123,142,141,145,86,21,11,2,71.67,17.5,9.17,1.67,32,27,17,10,12,9,7,2,2,2,0,0,26.67,22.5,14.17,8.33,10.0,7.5,5.83,1.67,1.67,1.67,0.0,0.0,33,87,27.5,72.5
55 Servicios de alojamiento,559 Otros alojamientos,3165.0,0.03,3.6,21.4,483,463,450,408,398,428,49,6,0,88.61,10.14,1.24,0.0,61,164,112,91,28,21,5,0,1,0,0,0,12.63,33.95,23.19,18.84,5.8,4.35,1.04,0.0,0.21,0.0,0.0,0.0,15,468,3.11,96.89
23 Fabricación de otros productos minerales no metálicos,232 Fabricación de productos cerámicos refractarios,2895.0,0.02,-4.9,-17.6,56,57,62,69,68,26,17,11,2,46.43,30.36,19.64,3.57,1,14,7,4,7,10,8,2,1,2,0,0,1.79,25.0,12.5,7.14,12.5,17.86,14.29,3.57,1.79,3.57,0.0,0.0,15,41,26.79,73.21
14 Confección de prendas de vestir,143 Confección de prendas de vestir de punto,2835.0,0.02,-3.3,-21.5,226,231,281,294,288,159,61,5,1,70.35,26.99,2.21,0.44,24,66,42,27,38,23,5,0,0,1,0,0,10.62,29.2,18.58,11.95,16.81,10.18,2.21,0.0,0.0,0.44,0.0,0.0,33,193,14.6,85.4
50 Transporte marítimo y por vías navegables interiores,502 Transporte marítimo de mercancías,2748.0,0.02,6.2,14.9,100,90,98,90,87,75,15,8,2,75.0,15.0,8.0,2.0,34,21,13,7,8,7,4,3,1,2,0,0,34.0,21.0,13.0,7.0,8.0,7.0,4.0,3.0,1.0,2.0,0.0,0.0,25,75,25.0,75.0
32 Otras industrias manufactureras,323 Fabricación de artículos de deporte,2636.0,0.02,4.0,12.9,193,181,185,181,171,141,46,5,1,73.06,23.83,2.59,0.52,44,61,24,12,21,25,3,2,0,1,0,0,22.8,31.61,12.44,6.22,10.88,12.95,1.55,1.04,0.0,0.52,0.0,0.0,17,176,8.81,91.19
20 Industria química,206 Fabricación de fibras artificiales y sintéticas,2584.0,0.02,6.6,28.2,50,50,47,44,39,27,18,2,3,54.0,36.0,4.0,6.0,6,8,3,10,12,6,1,1,0,3,0,0,12.0,16.0,6.0,20.0,24.0,12.0,2.0,2.0,0.0,6.0,0.0,0.0,7,43,14.0,86.0
30 Fabricación de otro material de transporte,309 Fabricación de material de transporte n.c.o.p.,2580.0,0.02,-1.8,-12.1,131,132,136,137,149,93,27,10,1,70.99,20.61,7.63,0.76,25,41,13,14,17,10,5,5,0,1,0,0,19.08,31.3,9.92,10.69,12.98,7.63,3.82,3.82,0.0,0.76,0.0,0.0,13,118,9.92,90.08
"26 Fabricación de productos informáticos, electrónicos y ópticos","266 Fabricación de equipos de radiación, electromédicos y electroterapéuticos",2542.0,0.02,-2.7,-8.7,105,111,124,115,115,72,26,5,2,68.57,24.76,4.76,1.9,22,29,10,11,12,14,4,1,0,2,0,0,20.95,27.62,9.52,10.48,11.43,13.33,3.81,0.95,0.0,1.9,0.0,0.0,14,91,13.33,86.67
87 Asistencia en establecimientos residenciales,879 Otras actividades de asistencia en establecimientos residenciales,2541.0,0.02,-3.8,-14.8,46,50,51,54,54,15,19,11,1,32.61,41.3,23.91,2.17,0,5,6,4,11,8,5,4,2,1,0,0,0.0,10.87,13.04,8.7,23.91,17.39,10.87,8.7,4.35,2.17,0.0,0.0,1,45,2.17,97.83
07 Extracción de minerales metálicos,072 Extracción de minerales metálicos no férreos,2322.0,0.02,-2.1,-4.3,45,47,50,47,47,33,7,2,3,73.33,15.56,4.44,6.67,19,9,2,3,4,3,1,1,0,3,0,0,42.22,20.0,4.44,6.67,8.89,6.67,2.22,2.22,0.0,6.67,0.0,0.0,8,37,17.78,82.22
77 Actividades de alquiler,"774 Arrendamiento de la propiedad intelectual y productos similares, excepto trabajos protegidos por los derechos de autor",2001.0,0.02,7.9,17.2,184,199,185,171,157,166,16,0,2,90.22,8.7,0.0,1.09,37,86,31,12,9,7,0,0,0,2,0,0,20.11,46.74,16.85,6.52,4.89,3.8,0.0,0.0,0.0,1.09,0.0,0.0,16,168,8.7,91.3
39 Actividades de descontaminación y otros servicios de gestión de residuos,390 Actividades de descontaminación y otros servicios de gestión de residuos,1932.0,0.02,1.5,9.5,184,173,169,168,168,140,37,7,0,76.09,20.11,3.8,0.0,6,63,37,34,26,11,5,2,0,0,0,0,3.26,34.24,20.11,18.48,14.13,5.98,2.72,1.09,0.0,0.0,0.0,0.0,5,179,2.72,97.28
12 Industria del tabaco,120 Industria del tabaco,1680.0,0.01,0.0,-27.8,26,26,38,38,36,13,7,5,1,50.0,26.92,19.23,3.85,4,5,3,1,2,5,1,2,2,1,0,0,15.38,19.23,11.54,3.85,7.69,19.23,3.85,7.69,7.69,3.85,0.0,0.0,8,18,30.77,69.23
"35 Suministro de energía eléctrica, gas, vapor y aire acondicionado",353 Suministro de vapor y aire acondicionado,1673.0,0.01,-2.2,-11.2,159,152,171,172,179,118,37,4,0,74.21,23.27,2.52,0.0,18,44,33,23,22,15,2,2,0,0,0,0,11.32,27.67,20.75,14.47,13.84,9.43,1.26,1.26,0.0,0.0,0.0,0.0,10,149,6.29,93.71
"59 Actividades cinematográficas, de vídeo y de programas de televisión, grabación de sonido y edición musical",592 Actividades de grabación de sonido y edición musical,1536.0,0.01,2.9,20.4,272,265,273,233,226,245,24,3,0,90.07,8.82,1.1,0.0,40,130,51,24,18,6,0,3,0,0,0,0,14.71,47.79,18.75,8.82,6.62,2.21,0.0,1.1,0.0,0.0,0.0,0.0,5,267,1.84,98.16
18 Artes gráficas y reproducción de soportes grabados,182 Reproducción de soportes grabados,1462.0,0.01,1.1,-18.7,527,496,662,622,648,506,18,3,0,96.02,3.42,0.57,0.0,260,196,36,14,13,5,2,1,0,0,0,0,49.34,37.19,6.83,2.66,2.47,0.95,0.38,0.19,0.0,0.0,0.0,0.0,4,523,0.76,99.24
49 Transporte terrestre y por tubería,495 Transporte por tubería,1446.0,0.01,-2.5,-25.0,15,11,19,20,20,10,1,2,2,66.67,6.67,13.33,13.33,7,2,1,0,0,1,2,0,0,2,0,0,46.67,13.33,6.67,0.0,0.0,6.67,13.33,0.0,0.0,13.33,0.0,0.0,4,11,26.67,73.33
"26 Fabricación de productos informáticos, electrónicos y ópticos",267 Fabricación de instrumentos de óptica y equipo fotográfico,1212.0,0.01,-0.9,-12.1,58,58,56,57,66,44,10,3,1,75.86,17.24,5.17,1.72,10,18,11,5,5,5,3,0,0,1,0,0,17.24,31.03,18.97,8.62,8.62,8.62,5.17,0.0,0.0,1.72,0.0,0.0,3,55,5.17,94.83
"26 Fabricación de productos informáticos, electrónicos y ópticos",264 Fabricación de productos electrónicos de consumo,1082.0,0.01,-2.2,-9.5,86,88,95,97,95,60,20,6,0,69.77,23.26,6.98,0.0,10,34,9,7,14,6,5,1,0,0,0,0,11.63,39.53,10.47,8.14,16.28,6.98,5.81,1.16,0.0,0.0,0.0,0.0,7,79,8.14,91.86
"25 Fabricación de productos metálicos, excepto maquinaria y equipo","253 Fabricación de generadores de vapor, excepto calderas de calefacción central",1032.0,0.01,-3.8,-18.4,31,30,35,34,38,8,19,4,0,25.81,61.29,12.9,0.0,1,3,2,2,5,14,2,2,0,0,0,0,3.23,9.68,6.45,6.45,16.13,45.16,6.45,6.45,0.0,0.0,0.0,0.0,14,17,45.16,54.84
51 Transporte aéreo,512 Transporte aéreo de mercancías y transporte espacial,891.0,0.01,0.0,-16.3,36,36,44,43,43,29,5,1,1,80.56,13.89,2.78,2.78,14,10,2,3,2,3,1,0,0,1,0,0,38.89,27.78,5.56,8.33,5.56,8.33,2.78,0.0,0.0,2.78,0.0,0.0,3,33,8.33,91.67
"26 Fabricación de productos informáticos, electrónicos y ópticos",262 Fabricación de ordenadores y equipos periféricos,870.0,0.01,-8.3,-42.2,170,179,247,268,294,159,7,4,0,93.53,4.12,2.35,0.0,36,87,23,13,5,2,3,1,0,0,0,0,21.18,51.18,13.53,7.65,2.94,1.18,1.76,0.59,0.0,0.0,0.0,0.0,6,164,3.53,96.47
61 Telecomunicaciones,613 Telecomunicaciones por satélite,861.0,0.01,-10.1,-44.4,35,43,62,62,63,33,0,1,1,94.29,0.0,2.86,2.86,5,19,4,5,0,0,0,1,0,1,0,0,14.29,54.29,11.43,14.29,0.0,0.0,0.0,2.86,0.0,2.86,0.0,0.0,3,32,8.57,91.43
09 Actividades de apoyo a las industrias extractivas,099 Actividades de apoyo a otras industrias extractivas,842.0,0.01,-2.6,0.0,19,17,18,19,19,14,3,1,1,73.68,15.79,5.26,5.26,2,7,3,2,0,3,1,0,0,1,0,0,10.53,36.84,15.79,10.53,0.0,15.79,5.26,0.0,0.0,5.26,0.0,0.0,3,16,15.79,84.21
30 Fabricación de otro material de transporte,304 Fabricación de vehículos militares de combate,659.0,0.01,0.0,0.0,2,2,2,2,2,0,1,0,1,0.0,50.0,0.0,50.0,0,0,0,0,0,1,0,0,0,1,0,0,0.0,0.0,0.0,0.0,0.0,50.0,0.0,0.0,0.0,50.0,0.0,0.0,1,1,50.0,50.0
72 Investigación y desarrollo,722 Investigación y desarrollo experimental en ciencias sociales y humanidades,533.0,0.0,-6.7,-24.6,86,101,112,110,114,72,14,0,0,83.72,16.28,0.0,0.0,6,38,18,10,8,6,0,0,0,0,0,0,6.98,44.19,20.93,11.63,9.3,6.98,0.0,0.0,0.0,0.0,0.0,0.0,1,85,1.16,98.84
32 Otras industrias manufactureras,322 Fabricación de instrumentos musicales,494.0,0.0,-1.9,-7.3,76,80,79,84,82,65,10,1,0,85.53,13.16,1.32,0.0,8,35,9,13,6,4,1,0,0,0,0,0,10.53,46.05,11.84,17.11,7.89,5.26,1.32,0.0,0.0,0.0,0.0,0.0,6,70,7.89,92.11
"64 Servicios financieros, excepto seguros y fondos de pensiones","643 Inversión colectiva, fondos y entidades financieras similares",434.0,0.0,-0.5,-4.5,106,108,119,112,111,95,10,1,0,89.62,9.43,0.94,0.0,24,51,16,4,9,1,1,0,0,0,0,0,22.64,48.11,15.09,3.77,8.49,0.94,0.94,0.0,0.0,0.0,0.0,0.0,23,83,21.7,78.3
50 Transporte marítimo y por vías navegables interiores,503 Transporte de pasajeros por vías navegables interiores,397.0,0.0,2.7,11.5,58,57,56,54,52,48,10,0,0,82.76,17.24,0.0,0.0,4,21,16,7,5,5,0,0,0,0,0,0,6.9,36.21,27.59,12.07,8.62,8.62,0.0,0.0,0.0,0.0,0.0,0.0,3,55,5.17,94.83
09 Actividades de apoyo a las industrias extractivas,091 Actividades de apoyo a la extracción de petróleo y gas natural,344.0,0.0,-5.7,-3.3,29,24,25,27,30,22,6,1,0,75.86,20.69,3.45,0.0,9,8,3,2,3,3,0,1,0,0,0,0,31.03,27.59,10.34,6.9,10.34,10.34,0.0,3.45,0.0,0.0,0.0,0.0,9,20,31.03,68.97
80 Actividades de seguridad e investigación,803 Actividades de investigación,320.0,0.0,-4.0,-8.9,92,96,93,97,101,86,6,0,0,93.48,6.52,0.0,0.0,8,59,13,6,4,2,0,0,0,0,0,0,8.7,64.13,14.13,6.52,4.35,2.17,0.0,0.0,0.0,0.0,0.0,0.0,1,91,1.09,98.91
"05 Extracción de antracita, hulla y lignito",051 Extracción de antracita y hulla,216.0,0.0,-12.0,-61.1,21,23,44,52,54,16,4,1,0,76.19,19.05,4.76,0.0,12,3,0,1,1,3,1,0,0,0,0,0,57.14,14.29,0.0,4.76,4.76,14.29,4.76,0.0,0.0,0.0,0.0,0.0,7,14,33.33,66.67
"65 Seguros, reaseguros y fondos de pensiones, excepto Seguridad Social obligatoria",652 Reaseguros,206.0,0.0,7.4,25.0,40,34,35,29,32,38,1,1,0,95.0,2.5,2.5,0.0,1,22,14,1,0,1,1,0,0,0,0,0,2.5,55.0,35.0,2.5,0.0,2.5,2.5,0.0,0.0,0.0,0.0,0.0,3,37,7.5,92.5
14 Confección de prendas de vestir,142 Fabricación de artículos de peletería,161.0,0.0,-11.2,-50.0,37,37,58,61,74,35,2,0,0,94.59,5.41,0.0,0.0,7,15,10,3,0,2,0,0,0,0,0,0,18.92,40.54,27.03,8.11,0.0,5.41,0.0,0.0,0.0,0.0,0.0,0.0,10,27,27.03,72.97
07 Extracción de minerales metálicos,071 Extracción de minerales de hierro,84.0,0.0,-17.0,-52.6,9,11,13,16,19,7,2,0,0,77.78,22.22,0.0,0.0,3,3,0,1,0,2,0,0,0,0,0,0,33.33,33.33,0.0,11.11,0.0,22.22,0.0,0.0,0.0,0.0,0.0,0.0,3,6,33.33,66.67
19 Coquerías y refino de petróleo,191 Coquerías,83.0,0.0,-10.0,20.0,6,6,8,4,5,5,0,1,0,83.33,0.0,16.67,0.0,3,1,1,0,0,0,1,0,0,0,0,0,50.0,16.67,16.67,0.0,0.0,0.0,16.67,0.0,0.0,0.0,0.0,0.0,0,6,0.0,100.0
94 Actividades asociativas,949 Otras actividades asociativas,49.0,0.0,25.0,100.0,2,3,2,1,1,0,2,0,0,0.0,100.0,0.0,0.0,0,0,0,0,1,1,0,0,0,0,0,0,0.0,0.0,0.0,0.0,50.0,50.0,0.0,0.0,0.0,0.0,0.0,0.0,0,2,0.0,100.0
"65 Seguros, reaseguros y fondos de pensiones, excepto Seguridad Social obligatoria",653 Fondos de pensiones,43.0,0.0,62.5,200.0,6,3,5,4,2,4,2,0,0,66.67,33.33,0.0,0.0,1,1,1,1,2,0,0,0,0,0,0,0,16.67,16.67,16.67,16.67,33.33,0.0,0.0,0.0,0.0,0.0,0.0,0.0,1,5,16.67,83.33
50 Transporte marítimo y por vías navegables interiores,504 Transporte de mercancías por vías navegables interiores,38.0,0.0,-10.6,-12.5,7,8,9,10,8,6,1,0,0,85.71,14.29,0.0,0.0,1,2,1,2,1,0,0,0,0,0,0,0,14.29,28.57,14.29,28.57,14.29,0.0,0.0,0.0,0.0,0.0,0.0,0.0,0,7,0.0,100.0
06 Extracción de crudo de petróleo y gas natural,061 Extracción de crudo de petróleo,16.0,0.0,16.7,100.0,12,6,4,5,6,12,0,0,0,100.0,0.0,0.0,0.0,9,2,1,0,0,0,0,0,0,0,0,0,75.0,16.67,8.33,0.0,0.0,0.0,0.0,0.0,0.0,0.0,0.0,0.0,9,3,75.0,25.0
94 Actividades asociativas,"941 Actividades de organizaciones empresariales, profesionales y patronales",14.0,0.0,0.0,0.0,1,2,2,1,1,0,1,0,0,0.0,100.0,0.0,0.0,0,0,0,0,1,0,0,0,0,0,0,0,0.0,0.0,0.0,0.0,100.0,0.0,0.0,0.0,0.0,0.0,0.0,0.0,1,0,100.0,0.0
"26 Fabricación de productos informáticos, electrónicos y ópticos",268 Fabricación de soportes magnéticos y ópticos,9.0,0.0,0.0,0.0,2,2,3,2,2,2,0,0,0,100.0,0.0,0.0,0.0,0,1,0,1,0,0,0,0,0,0,0,0,0.0,50.0,0.0,50.0,0.0,0.0,0.0,0.0,0.0,0.0,0.0,0.0,0,2,0.0,100.0
06 Extracción de crudo de petróleo y gas natural,062 Extracción de gas natural,8.0,0.0,-50.0,0.0,2,2,0,1,2,2,0,0,0,100.0,0.0,0.0,0.0,1,0,0,1,0,0,0,0,0,0,0,0,50.0,0.0,0.0,50.0,0.0,0.0,0.0,0.0,0.0,0.0,0.0,0.0,0,2,0.0,100.0
"05 Extracción de antracita, hulla y lignito",052 Extracción de lignito,2.0,0.0,0.0,-33.3,2,3,3,3,3,2,0,0,0,100.0,0.0,0.0,0.0,2,0,0,0,0,0,0,0,0,0,0,0,100.0,0.0,0.0,0.0,0.0,0.0,0.0,0.0,0.0,0.0,0.0,0.0,2,0,100.0,0.0
94 Actividades asociativas,942 Actividades sindicales,0.0,0.0,0.0,0.0,0,0,0,0,0,0,0,0,0,0.0,0.0,0.0,0.0,0,0,0,0,0,0,0,0,0,0,0,0,NaN,NaN,NaN,NaN,NaN,NaN,NaN,NaN,NaN,NaN,NaN,NaN,0,0,NaN,NaN
